id,source,target,weight,label
0,0,3,0.97,261
1,67,167,0.98,89
2,335,6,0.97,75
3,1,502,0.97,216
4,502,498,0.99,216
5,150,134,0.98,4
6,114,498,0.95,216
7,2,243,0.94,262
8,243,0,0.95,-1
9,5,549,0.99,165
10,194,422,0.91,-1
11,422,223,0.98,55
12,236,373,0.99,165
13,272,556,0.96,-1
14,332,272,0.93,-1
15,556,474,0.97,227
16,7,534,0.98,79
17,534,465,0.99,79
18,363,332,0.92,258
19,8,182,0.99,88
20,221,339,0.99,228
21,446,198,0.99,88
22,200,163,1,88
23,9,127,0.96,269
24,127,472,0.97,269
25,472,25,0.97,269
26,289,548,0.98,166
27,10,454,0.99,165
28,504,342,0.97,55
29,342,517,0.98,55
30,290,267,0.99,165
31,11,46,0.95,249
32,46,78,0.95,249
33,100,437,0.98,-1
34,437,400,0.99,79
35,218,316,0.96,173
36,316,407,0.98,173
37,14,60,0.94,240
38,15,489,0.99,224
39,406,77,0.97,92
40,77,315,0.99,92
41,315,84,1,92
42,274,404,0.98,228
43,16,295,0.98,81
44,295,282,0.99,81
45,281,338,0.96,172
46,338,275,0.98,172
47,17,160,0.97,-1
48,160,177,0.98,-1
49,473,349,0.98,-1
50,177,142,0.99,224
51,18,173,0.99,228
52,156,423,0.99,92
53,423,84,0.99,92
54,84,99,1,92
55,19,184,0.99,79
56,22,550,0.99,81
57,20,303,1,228
58,294,469,1,92
59,21,11,0.95,249
60,550,505,0.99,81
61,23,334,0.98,165
62,334,421,0.99,165
63,137,251,0.98,56
64,24,425,1,81
65,276,373,0.98,165
66,329,468,0.98,66
67,27,382,0.95,-1
68,382,451,0.96,19
69,386,364,0.92,-1
70,479,270,0.9,-1
71,29,96,0.92,-1
72,96,79,0.93,241
73,30,221,0.93,-1
74,245,345,0.99,88
75,31,424,0.98,91
76,32,78,0.92,-1
77,33,44,0.91,-1
78,44,432,0.99,92
79,432,99,0.99,92
80,38,110,0.91,-1
81,110,11,0.92,-1
82,39,450,0.92,-1
83,368,258,0.98,3
84,516,241,0.98,190
85,40,169,0.95,19
86,64,493,0.96,206
87,493,411,0.97,-1
88,411,190,0.97,208
89,187,311,0.95,9
90,42,183,0.98,67
91,318,373,0.98,165
92,403,548,0.96,-1
93,43,44,0.99,92
94,45,209,0.97,-1
95,209,414,0.99,79
96,414,429,0.99,79
97,47,31,0.94,-1
98,48,156,0.98,92
99,430,18,0.97,-1
100,49,110,0.9,-1
101,50,206,0.94,8
102,206,187,0.94,-1
103,380,510,0.97,210
104,311,254,0.97,9
105,51,111,1,227
106,167,469,0.99,-1
107,249,508,0.99,228
108,53,69,0.93,245
109,55,119,0.92,-1
110,119,426,0.96,230
111,387,369,0.98,88
112,369,345,0.99,88
113,58,335,0.93,75
114,487,444,0.98,260
115,62,463,0.9,-1
116,463,489,0.99,224
117,63,317,0.91,-1
118,317,27,0.94,20
119,65,451,0.92,-1
120,270,137,0.93,-1
121,508,20,0.99,228
122,68,80,0.99,61
123,456,289,0.97,166
124,71,380,0.95,-1
125,73,192,0.9,-1
126,192,25,0.95,269
127,74,181,0.94,-1
128,181,463,0.97,224
129,240,87,0.99,92
130,75,213,0.94,266
131,76,96,0.93,-1
132,404,361,0.99,228
133,81,309,0.96,91
134,309,432,0.99,-1
135,82,197,0.91,-1
136,197,156,0.97,92
137,459,494,0.98,217
138,86,551,0.91,-1
139,551,338,0.95,-1
140,244,196,0.97,65
141,88,112,0.98,62
142,90,468,0.98,66
143,93,300,0.98,79
144,300,399,0.98,79
145,399,437,0.99,79
146,94,515,0.98,228
147,515,113,0.99,228
148,95,24,0.99,81
149,97,539,0.93,-1
150,539,443,0.97,160
151,435,431,0.95,204
152,433,137,0.95,56
153,98,425,0.97,81
154,377,473,0.96,86
155,101,324,0.98,191
156,224,405,0.99,87
157,396,139,0.98,191
158,409,344,0.99,191
159,102,415,0.96,-1
160,415,440,0.96,195
161,164,405,0.92,-1
162,103,305,0.98,63
163,305,475,0.99,63
164,104,171,0.94,32
165,292,112,0.98,62
166,106,320,0.93,-1
167,320,67,0.97,89
168,501,474,1,227
169,108,128,0.96,16
170,128,165,0.98,16
171,175,269,0.96,177
172,116,388,0.98,63
173,212,280,0.97,230
174,123,466,0.98,60
175,124,452,1,227
176,131,90,0.98,66
177,133,538,0.95,49
178,538,476,0.96,49
179,144,525,0.97,159
180,525,359,0.98,159
181,136,455,0.99,81
182,455,255,0.99,81
183,140,265,0.98,79
184,265,465,0.98,79
185,141,280,0.98,230
186,374,232,0.98,12
187,232,153,0.99,12
188,554,111,0.97,227
189,333,221,0.96,-1
190,143,207,0.98,259
191,145,522,0.94,134
192,146,116,0.93,-1
193,147,153,0.96,12
194,530,204,0.97,208
195,204,553,0.98,208
196,148,293,0.96,15
197,494,448,0.99,217
198,154,188,0.98,63
199,188,178,0.99,63
200,259,318,0.97,165
201,161,426,0.9,-1
202,168,176,0.99,81
203,176,193,0.99,81
204,174,285,0.97,-1
205,285,366,0.99,81
206,179,224,0.98,87
207,180,410,0.97,54
208,195,291,0.99,211
209,233,18,0.99,228
210,199,112,0.95,62
211,201,512,0.95,-1
212,512,274,0.98,228
213,205,551,0.93,174
214,211,209,0.98,79
215,214,290,0.99,165
216,372,267,0.98,165
217,215,357,0.98,208
218,357,306,0.99,208
219,219,414,0.97,79
220,322,236,0.99,165
221,225,137,0.95,-1
222,226,51,0.99,227
223,228,305,0.99,63
224,231,187,0.92,-1
225,235,48,0.94,-1
226,364,402,0.99,208
227,239,349,1,88
228,252,344,0.97,191
229,256,420,0.94,-1
230,420,395,0.98,217
231,257,476,0.93,-1
232,260,510,0.96,210
233,262,396,0.93,-1
234,268,225,0.93,48
235,474,124,1,227
236,277,395,0.94,-1
237,278,301,0.91,-1
238,301,102,0.92,-1
239,279,543,0.9,-1
240,543,380,0.96,-1
241,286,489,0.98,224
242,288,520,0.93,135
243,296,71,0.91,-1
244,297,10,0.98,165
245,299,291,0.98,211
246,302,399,0.98,79
247,308,243,0.94,262
248,460,383,0.94,162
249,383,421,0.97,-1
250,319,183,0.94,-1
251,379,394,0.93,-1
252,323,425,0.97,81
253,325,347,0.99,160
254,427,468,0.96,-1
255,328,200,0.99,88
256,330,309,0.98,91
257,331,325,0.98,160
258,336,351,0.94,197
259,337,466,0.97,-1
260,350,44,0.99,92
261,352,291,0.96,-1
262,354,240,0.99,92
263,358,139,0.94,-1
264,542,435,0.95,-1
265,527,493,0.93,-1
266,362,518,0.97,186
267,371,47,0.94,33
268,376,528,0.98,60
269,394,318,0.98,165
270,381,486,0.99,224
271,385,27,0.93,-1
272,389,484,0.99,80
273,391,331,0.95,-1
274,393,88,0.93,-1
275,398,94,0.97,228
276,401,435,0.91,-1
277,413,224,0.98,87
278,416,75,0.93,266
279,428,255,0.95,-1
280,434,255,0.99,81
281,438,136,0.99,81
282,439,389,0.99,80
283,441,226,0.98,227
284,442,531,0.98,211
285,449,336,0.92,-1
286,453,550,0.97,81
287,461,233,0.99,228
288,462,27,0.93,-1
289,467,444,0.95,260
290,471,430,0.96,226
291,478,20,0.98,228
292,481,114,0.9,-1
293,490,134,0.98,4
294,483,77,0.98,92
295,485,154,0.98,-1
296,488,380,0.97,-1
297,491,116,0.98,63
298,492,1,0.94,-1
299,496,303,0.99,228
300,500,181,0.92,-1
301,507,24,0.98,81
302,509,487,0.93,-1
303,519,232,0.97,12
304,523,432,0.99,92
305,524,389,0.98,80
306,529,406,0.96,92
307,540,8,0.95,-1
308,541,381,0.98,224
309,545,184,0.98,79
310,547,437,0.99,79
311,0,249,0.92,-1
312,0,272,0.95,261
313,0,556,0.96,-1
314,0,474,0.94,-1
315,0,51,0.9,-1
316,0,111,0.91,-1
317,0,501,0.95,-1
318,0,452,0.94,-1
319,0,124,0.94,-1
320,0,554,0.92,-1
321,0,308,0.91,-1
322,0,467,0.91,-1
323,3,243,0.95,-1
324,3,272,0.96,261
325,3,556,0.94,-1
326,3,474,0.91,-1
327,3,501,0.92,-1
328,3,452,0.9,-1
329,3,467,0.92,-1
330,67,309,0.91,-1
331,67,446,0.94,-1
332,67,200,0.93,-1
333,67,198,0.95,-1
334,67,163,0.9,-1
335,67,315,0.93,-1
336,67,84,0.95,-1
337,67,369,0.91,-1
338,67,156,0.94,-1
339,67,423,0.95,-1
340,67,99,0.95,-1
341,67,294,0.98,-1
342,67,469,0.98,-1
343,67,44,0.91,-1
344,67,432,0.94,-1
345,67,48,0.91,-1
346,67,387,0.93,-1
347,67,106,0.9,-1
348,67,374,0.94,-1
349,67,232,0.97,-1
350,67,153,0.98,-1
351,67,328,0.9,-1
352,67,330,0.9,-1
353,67,523,0.93,-1
354,335,167,0.91,-1
355,335,309,0.91,-1
356,335,198,0.91,-1
357,335,330,0.91,-1
358,335,540,0.92,-1
359,167,6,0.9,-1
360,167,309,0.94,-1
361,167,182,0.9,-1
362,167,446,0.95,-1
363,167,200,0.95,-1
364,167,198,0.96,-1
365,167,163,0.93,-1
366,167,77,0.91,-1
367,167,315,0.95,-1
368,167,84,0.96,-1
369,167,369,0.91,-1
370,167,156,0.95,-1
371,167,423,0.97,-1
372,167,99,0.96,-1
373,167,294,0.98,-1
374,167,44,0.94,-1
375,167,432,0.96,-1
376,167,43,0.9,-1
377,167,48,0.94,-1
378,167,387,0.91,-1
379,167,106,0.9,-1
380,167,320,0.96,89
381,167,232,0.93,-1
382,167,153,0.93,-1
383,167,239,0.9,-1
384,167,328,0.93,-1
385,167,330,0.93,-1
386,167,350,0.93,-1
387,167,354,0.91,-1
388,167,483,0.91,-1
389,167,523,0.97,-1
390,249,272,0.92,-1
391,249,556,0.95,-1
392,249,474,0.99,-1
393,249,221,0.95,228
394,249,339,0.96,228
395,249,274,0.93,228
396,249,404,0.96,228
397,249,177,0.9,-1
398,249,142,0.91,-1
399,249,18,0.96,228
400,249,173,0.97,228
401,249,303,0.99,228
402,249,20,0.99,228
403,249,430,0.94,-1
404,249,51,0.98,-1
405,249,111,0.98,-1
406,249,212,0.93,-1
407,249,361,0.96,228
408,249,233,0.92,228
409,249,515,0.95,228
410,249,113,0.95,228
411,249,501,0.97,-1
412,249,452,0.98,-1
413,249,280,0.93,-1
414,249,124,0.98,-1
415,249,141,0.94,-1
416,249,554,0.95,-1
417,249,204,0.9,-1
418,249,512,0.91,228
419,249,215,0.91,-1
420,249,226,0.96,-1
421,249,441,0.92,-1
422,249,461,0.92,228
423,249,478,0.97,228
424,249,496,0.98,228
425,6,309,0.92,-1
426,6,31,0.9,-1
427,6,424,0.93,-1
428,6,58,0.92,75
429,6,106,0.92,-1
430,332,221,0.91,-1
431,332,339,0.92,-1
432,332,487,0.92,-1
433,1,498,0.97,216
434,1,114,0.95,216
435,1,71,0.91,-1
436,1,494,0.93,-1
437,1,448,0.94,-1
438,1,420,0.92,-1
439,1,395,0.96,-1
440,502,114,0.95,216
441,502,380,0.91,-1
442,502,510,0.93,-1
443,502,71,0.94,-1
444,502,459,0.93,-1
445,502,494,0.97,-1
446,502,94,0.92,-1
447,502,448,0.97,-1
448,502,420,0.92,-1
449,502,395,0.94,-1
450,502,277,0.91,-1
451,502,286,0.91,-1
452,502,299,0.9,-1
453,502,352,0.91,-1
454,150,368,0.95,-1
455,150,258,0.93,-1
456,150,490,0.95,4
457,498,380,0.93,-1
458,498,510,0.95,-1
459,498,71,0.95,-1
460,498,459,0.92,-1
461,498,494,0.96,-1
462,498,448,0.96,-1
463,498,420,0.9,-1
464,498,395,0.92,-1
465,498,260,0.92,-1
466,498,352,0.9,-1
467,134,368,0.91,-1
468,114,71,0.93,-1
469,114,492,0.91,-1
470,2,308,0.93,262
471,2,509,0.92,262
472,243,272,0.91,-1
473,243,556,0.91,-1
474,243,487,0.91,-1
475,243,501,0.91,-1
476,243,554,0.9,-1
477,243,467,0.94,-1
478,243,509,0.93,262
479,5,236,0.92,165
480,5,322,0.93,165
481,5,10,0.95,165
482,5,454,0.95,165
483,5,290,0.94,165
484,5,267,0.91,165
485,5,23,0.9,165
486,5,334,0.92,165
487,5,421,0.92,165
488,5,440,0.94,-1
489,5,214,0.95,165
490,5,297,0.98,165
491,549,236,0.93,165
492,549,322,0.94,165
493,549,373,0.91,165
494,549,10,0.95,165
495,549,454,0.95,165
496,549,290,0.95,165
497,549,267,0.92,165
498,549,23,0.91,165
499,549,334,0.93,165
500,549,421,0.93,165
501,549,440,0.93,-1
502,549,214,0.96,165
503,549,297,0.98,165
504,422,504,0.97,55
505,422,342,0.93,55
506,422,517,0.94,55
507,422,100,0.9,-1
508,422,366,0.91,-1
509,422,22,0.9,-1
510,422,550,0.93,-1
511,422,505,0.94,-1
512,422,24,0.95,-1
513,422,425,0.93,-1
514,422,174,0.91,-1
515,422,196,0.92,-1
516,422,95,0.93,-1
517,422,255,0.9,-1
518,422,193,0.91,-1
519,422,323,0.95,-1
520,422,413,0.9,-1
521,422,507,0.97,-1
522,223,504,0.94,55
523,223,342,0.91,55
524,223,517,0.92,55
525,223,550,0.91,-1
526,223,505,0.92,-1
527,223,24,0.95,-1
528,223,425,0.93,-1
529,223,95,0.94,-1
530,223,224,0.91,-1
531,223,405,0.92,-1
532,223,255,0.92,-1
533,223,193,0.91,-1
534,223,179,0.91,-1
535,223,180,0.92,-1
536,223,410,0.91,-1
537,223,323,0.94,-1
538,223,413,0.93,-1
539,223,507,0.98,-1
540,236,338,0.91,-1
541,236,10,0.96,165
542,236,454,0.94,165
543,236,290,0.98,165
544,236,372,0.95,165
545,236,267,0.98,165
546,236,281,0.93,-1
547,236,275,0.94,-1
548,236,334,0.93,165
549,236,421,0.94,165
550,236,276,0.96,165
551,236,318,0.97,165
552,236,259,0.93,165
553,236,214,0.97,165
554,236,297,0.97,165
555,236,383,0.93,-1
556,236,394,0.95,165
557,322,373,0.97,165
558,322,338,0.9,-1
559,322,10,0.93,165
560,322,454,0.92,165
561,322,290,0.95,165
562,322,267,0.95,165
563,322,316,0.91,-1
564,322,275,0.94,-1
565,322,421,0.91,165
566,322,276,0.93,165
567,322,318,0.92,165
568,322,214,0.95,165
569,322,297,0.97,165
570,322,383,0.92,-1
571,322,394,0.91,165
572,373,338,0.92,-1
573,373,10,0.95,165
574,373,454,0.93,165
575,373,290,0.98,165
576,373,372,0.97,165
577,373,267,0.98,165
578,373,281,0.94,-1
579,373,275,0.94,-1
580,373,334,0.93,165
581,373,421,0.94,165
582,373,259,0.96,165
583,373,214,0.97,165
584,373,297,0.96,165
585,373,383,0.93,-1
586,373,394,0.97,165
587,272,474,0.94,-1
588,272,303,0.9,-1
589,272,20,0.91,-1
590,272,501,0.95,-1
591,272,452,0.94,-1
592,272,124,0.93,-1
593,556,339,0.91,-1
594,556,404,0.92,-1
595,556,18,0.91,-1
596,556,173,0.92,-1
597,556,303,0.94,-1
598,556,20,0.94,-1
599,556,430,0.91,-1
600,556,51,0.93,227
601,556,111,0.94,227
602,556,508,0.94,-1
603,556,361,0.93,-1
604,556,501,0.97,227
605,556,452,0.97,227
606,556,124,0.97,227
607,556,554,0.92,227
608,556,226,0.9,227
609,556,478,0.9,-1
610,556,496,0.91,-1
611,309,31,0.94,91
612,309,8,0.93,-1
613,309,182,0.93,-1
614,309,446,0.96,-1
615,309,200,0.96,-1
616,309,198,0.97,-1
617,309,163,0.95,-1
618,309,77,0.94,-1
619,309,315,0.94,-1
620,309,84,0.95,-1
621,309,473,0.91,-1
622,309,349,0.97,-1
623,309,369,0.9,-1
624,309,156,0.92,-1
625,309,423,0.96,-1
626,309,99,0.96,-1
627,309,294,0.95,-1
628,309,469,0.96,-1
629,309,424,0.96,91
630,309,44,0.98,-1
631,309,43,0.97,-1
632,309,48,0.92,-1
633,309,240,0.96,-1
634,309,87,0.95,-1
635,309,93,0.96,-1
636,309,300,0.95,-1
637,309,399,0.91,-1
638,309,140,0.91,-1
639,309,239,0.96,-1
640,309,302,0.93,-1
641,309,328,0.96,-1
642,309,350,0.96,-1
643,309,354,0.96,-1
644,309,483,0.93,-1
645,309,523,0.98,-1
646,309,540,0.91,-1
647,309,545,0.91,-1
648,474,221,0.91,-1
649,474,339,0.93,-1
650,474,274,0.92,-1
651,474,404,0.96,-1
652,474,18,0.95,-1
653,474,173,0.96,-1
654,474,303,0.98,-1
655,474,20,0.97,-1
656,474,430,0.94,-1
657,474,553,0.92,-1
658,474,51,0.97,227
659,474,111,0.98,227
660,474,508,0.97,-1
661,474,361,0.96,-1
662,474,233,0.92,-1
663,474,515,0.92,-1
664,474,113,0.91,-1
665,474,452,1,227
666,474,554,0.95,227
667,474,530,0.91,-1
668,474,204,0.93,-1
669,474,215,0.91,-1
670,474,306,0.9,-1
671,474,226,0.95,227
672,474,308,0.91,-1
673,474,441,0.92,227
674,474,461,0.91,-1
675,474,478,0.94,-1
676,474,496,0.94,-1
677,7,465,0.97,79
678,7,31,0.93,-1
679,7,437,0.92,79
680,7,400,0.91,79
681,7,16,0.9,-1
682,7,295,0.91,-1
683,7,282,0.93,-1
684,7,22,0.91,-1
685,7,19,0.97,79
686,7,184,0.96,79
687,7,424,0.91,-1
688,7,209,0.93,79
689,7,414,0.96,79
690,7,429,0.95,79
691,7,81,0.94,-1
692,7,93,0.96,79
693,7,300,0.95,79
694,7,399,0.95,79
695,7,128,0.93,-1
696,7,165,0.93,-1
697,7,140,0.96,79
698,7,265,0.97,79
699,7,211,0.95,79
700,7,219,0.92,79
701,7,302,0.93,79
702,7,491,0.91,-1
703,7,545,0.97,79
704,7,547,0.93,79
705,534,437,0.94,79
706,534,400,0.93,79
707,534,16,0.92,-1
708,534,295,0.95,-1
709,534,282,0.96,-1
710,534,366,0.91,-1
711,534,22,0.94,-1
712,534,19,0.97,79
713,534,184,0.98,79
714,534,550,0.91,-1
715,534,45,0.93,-1
716,534,209,0.97,79
717,534,414,0.98,79
718,534,429,0.99,79
719,534,93,0.94,79
720,534,300,0.95,79
721,534,399,0.96,79
722,534,103,0.94,-1
723,534,475,0.9,-1
724,534,108,0.91,-1
725,534,128,0.9,-1
726,534,116,0.93,-1
727,534,388,0.91,-1
728,534,466,0.9,-1
729,534,140,0.95,79
730,534,265,0.98,79
731,534,188,0.9,-1
732,534,178,0.93,-1
733,534,168,0.9,-1
734,534,285,0.9,-1
735,534,211,0.96,79
736,534,219,0.95,79
737,534,228,0.91,-1
738,534,302,0.94,79
739,534,453,0.91,-1
740,534,491,0.96,-1
741,534,545,0.97,79
742,534,547,0.95,79
743,465,437,0.92,79
744,465,400,0.91,79
745,465,295,0.93,-1
746,465,282,0.93,-1
747,465,22,0.92,-1
748,465,19,0.96,79
749,465,184,0.98,79
750,465,45,0.92,-1
751,465,209,0.97,79
752,465,414,0.97,79
753,465,429,0.98,79
754,465,244,0.91,-1
755,465,93,0.93,79
756,465,300,0.93,79
757,465,399,0.94,79
758,465,103,0.95,-1
759,465,475,0.91,-1
760,465,108,0.94,-1
761,465,128,0.92,-1
762,465,165,0.91,-1
763,465,116,0.96,-1
764,465,388,0.93,-1
765,465,140,0.95,79
766,465,178,0.93,-1
767,465,211,0.95,79
768,465,219,0.92,79
769,465,228,0.92,-1
770,465,302,0.91,79
771,465,337,0.92,-1
772,465,491,0.98,-1
773,465,545,0.95,79
774,465,547,0.93,79
775,338,218,0.96,-1
776,338,316,0.9,-1
777,338,276,0.9,-1
778,338,318,0.91,-1
779,338,205,0.91,-1
780,338,394,0.92,-1
781,31,44,0.92,-1
782,31,43,0.93,-1
783,31,81,0.95,91
784,31,93,0.96,-1
785,31,300,0.91,-1
786,31,128,0.94,-1
787,31,165,0.94,-1
788,31,140,0.92,-1
789,31,265,0.91,-1
790,31,330,0.91,91
791,8,446,0.97,88
792,8,200,0.94,88
793,8,198,0.97,88
794,8,163,0.95,88
795,8,400,0.91,-1
796,8,473,0.92,-1
797,8,349,0.95,88
798,8,369,0.94,88
799,8,99,0.91,-1
800,8,24,0.92,-1
801,8,425,0.92,-1
802,8,245,0.96,88
803,8,345,0.95,88
804,8,432,0.92,-1
805,8,387,0.9,88
806,8,81,0.92,-1
807,8,95,0.92,-1
808,8,224,0.93,-1
809,8,405,0.91,-1
810,8,136,0.97,-1
811,8,455,0.97,-1
812,8,255,0.95,-1
813,8,168,0.91,-1
814,8,176,0.94,-1
815,8,193,0.92,-1
816,8,179,0.94,-1
817,8,239,0.96,88
818,8,328,0.92,88
819,8,330,0.95,-1
820,8,413,0.94,-1
821,8,434,0.96,-1
822,8,438,0.94,-1
823,8,523,0.93,-1
824,182,446,0.99,88
825,182,200,0.97,88
826,182,198,0.98,88
827,182,163,0.98,88
828,182,400,0.91,-1
829,182,315,0.92,-1
830,182,84,0.93,-1
831,182,473,0.94,-1
832,182,349,0.96,88
833,182,369,0.97,88
834,182,99,0.94,-1
835,182,294,0.9,-1
836,182,469,0.91,-1
837,182,24,0.91,-1
838,182,425,0.9,-1
839,182,245,0.98,88
840,182,345,0.98,88
841,182,44,0.91,-1
842,182,432,0.95,-1
843,182,387,0.94,88
844,182,240,0.92,-1
845,182,87,0.92,-1
846,182,81,0.91,-1
847,182,95,0.91,-1
848,182,224,0.95,-1
849,182,405,0.92,-1
850,182,136,0.94,-1
851,182,455,0.96,-1
852,182,255,0.95,-1
853,182,176,0.93,-1
854,182,193,0.92,-1
855,182,179,0.95,-1
856,182,239,0.97,88
857,182,328,0.95,88
858,182,330,0.95,-1
859,182,350,0.9,-1
860,182,354,0.93,-1
861,182,413,0.94,-1
862,182,434,0.96,-1
863,182,438,0.91,-1
864,182,523,0.95,-1
865,182,540,0.93,-1
866,221,274,0.91,228
867,221,404,0.92,228
868,221,17,0.93,-1
869,221,160,0.97,228
870,221,177,0.97,-1
871,221,142,0.96,-1
872,221,173,0.9,228
873,221,303,0.96,228
874,221,20,0.97,228
875,221,51,0.91,-1
876,221,508,0.96,228
877,221,212,0.93,-1
878,221,361,0.91,228
879,221,515,0.9,228
880,221,113,0.94,228
881,221,324,0.91,-1
882,221,280,0.93,-1
883,221,512,0.91,228
884,221,381,0.93,-1
885,221,486,0.92,-1
886,221,478,0.96,228
887,221,496,0.96,228
888,339,274,0.95,228
889,339,404,0.96,228
890,339,17,0.94,-1
891,339,160,0.98,228
892,339,177,0.97,-1
893,339,142,0.97,-1
894,339,18,0.92,228
895,339,173,0.94,228
896,339,303,0.98,228
897,339,20,0.98,228
898,339,30,0.91,-1
899,339,51,0.92,-1
900,339,111,0.91,-1
901,339,508,0.96,228
902,339,212,0.92,-1
903,339,463,0.91,-1
904,339,361,0.95,228
905,339,515,0.92,228
906,339,113,0.96,228
907,339,501,0.91,-1
908,339,452,0.91,-1
909,339,280,0.9,-1
910,339,124,0.92,-1
911,339,333,0.94,-1
912,339,201,0.91,-1
913,339,512,0.95,228
914,339,381,0.94,-1
915,339,486,0.93,-1
916,339,478,0.96,228
917,339,496,0.97,228
918,446,200,0.99,88
919,446,163,0.99,88
920,446,77,0.92,-1
921,446,315,0.96,-1
922,446,84,0.97,-1
923,446,473,0.94,-1
924,446,349,0.97,88
925,446,369,0.98,88
926,446,156,0.91,-1
927,446,423,0.94,-1
928,446,99,0.98,-1
929,446,294,0.95,-1
930,446,469,0.96,-1
931,446,245,0.97,88
932,446,345,0.98,88
933,446,44,0.95,-1
934,446,432,0.98,-1
935,446,43,0.92,-1
936,446,387,0.96,88
937,446,240,0.94,-1
938,446,87,0.93,-1
939,446,224,0.92,-1
940,446,455,0.92,-1
941,446,255,0.91,-1
942,446,176,0.9,-1
943,446,179,0.92,-1
944,446,239,0.97,88
945,446,328,0.97,88
946,446,330,0.95,-1
947,446,350,0.94,-1
948,446,354,0.94,-1
949,446,413,0.9,-1
950,446,434,0.94,-1
951,446,523,0.98,-1
952,446,540,0.9,-1
953,200,198,0.97,88
954,200,437,0.9,-1
955,200,400,0.91,-1
956,200,377,0.91,-1
957,200,406,0.93,-1
958,200,77,0.97,-1
959,200,315,0.99,-1
960,200,84,0.99,-1
961,200,473,0.95,-1
962,200,349,0.98,88
963,200,369,0.98,88
964,200,156,0.94,-1
965,200,423,0.97,-1
966,200,99,1,-1
967,200,294,0.97,-1
968,200,469,0.97,-1
969,200,245,0.95,88
970,200,345,0.96,88
971,200,44,0.98,-1
972,200,432,0.99,-1
973,200,43,0.95,-1
974,200,48,0.91,-1
975,200,387,0.94,88
976,200,240,0.98,-1
977,200,87,0.96,-1
978,200,81,0.9,-1
979,200,93,0.91,-1
980,200,300,0.93,-1
981,200,224,0.9,-1
982,200,193,0.9,-1
983,200,239,0.99,88
984,200,330,0.95,-1
985,200,350,0.97,-1
986,200,354,0.98,-1
987,200,434,0.93,-1
988,200,483,0.94,-1
989,200,523,0.99,-1
990,200,529,0.92,-1
991,198,163,0.97,88
992,198,315,0.94,-1
993,198,84,0.95,-1
994,198,473,0.91,-1
995,198,349,0.95,88
996,198,369,0.96,88
997,198,423,0.94,-1
998,198,99,0.97,-1
999,198,294,0.95,-1
1000,198,469,0.96,-1
1001,198,245,0.96,88
1002,198,345,0.95,88
1003,198,44,0.94,-1
1004,198,432,0.97,-1
1005,198,43,0.91,-1
1006,198,387,0.94,88
1007,198,240,0.93,-1
1008,198,87,0.91,-1
1009,198,81,0.91,-1
1010,198,455,0.91,-1
1011,198,239,0.96,88
1012,198,328,0.95,88
1013,198,330,0.97,-1
1014,198,350,0.92,-1
1015,198,354,0.93,-1
1016,198,434,0.92,-1
1017,198,523,0.98,-1
1018,198,540,0.93,-1
1019,163,100,0.9,-1
1020,163,437,0.91,-1
1021,163,400,0.92,-1
1022,163,377,0.93,-1
1023,163,406,0.92,-1
1024,163,77,0.95,-1
1025,163,315,0.97,-1
1026,163,84,0.97,-1
1027,163,473,0.96,-1
1028,163,349,0.98,88
1029,163,369,0.99,88
1030,163,156,0.91,-1
1031,163,423,0.95,-1
1032,163,99,0.98,-1
1033,163,294,0.95,-1
1034,163,469,0.95,-1
1035,163,245,0.97,88
1036,163,345,0.98,88
1037,163,44,0.95,-1
1038,163,432,0.98,-1
1039,163,43,0.93,-1
1040,163,387,0.95,88
1041,163,240,0.97,-1
1042,163,87,0.95,-1
1043,163,300,0.92,-1
1044,163,224,0.94,-1
1045,163,136,0.9,-1
1046,163,455,0.92,-1
1047,163,255,0.92,-1
1048,163,176,0.92,-1
1049,163,193,0.92,-1
1050,163,179,0.93,-1
1051,163,239,0.99,88
1052,163,328,0.98,88
1053,163,330,0.94,-1
1054,163,350,0.96,-1
1055,163,354,0.96,-1
1056,163,413,0.92,-1
1057,163,434,0.95,-1
1058,163,483,0.92,-1
1059,163,523,0.98,-1
1060,163,529,0.91,-1
1061,9,472,0.9,269
1062,9,192,0.93,269
1063,9,442,0.94,-1
1064,9,531,0.9,-1
1065,127,25,0.94,269
1066,127,68,0.91,-1
1067,127,192,0.93,269
1068,472,329,0.95,-1
1069,472,468,0.91,-1
1070,472,68,0.93,-1
1071,472,192,0.93,269
1072,25,329,0.93,-1
1073,25,133,0.94,-1
1074,289,331,0.91,-1
1075,548,23,0.91,-1
1076,548,334,0.93,-1
1077,548,421,0.93,-1
1078,548,456,0.95,166
1079,548,347,0.94,-1
1080,548,259,0.95,-1
1081,548,383,0.91,-1
1082,548,394,0.91,-1
1083,548,325,0.94,-1
1084,548,331,0.92,-1
1085,329,42,0.9,-1
1086,329,183,0.93,-1
1087,329,68,0.91,-1
1088,329,90,0.96,66
1089,329,433,0.92,-1
1090,329,305,0.91,-1
1091,329,131,0.97,66
1092,329,188,0.9,-1
1093,329,427,0.92,-1
1094,329,485,0.93,66
1095,468,251,0.91,-1
1096,468,183,0.92,-1
1097,468,433,0.94,-1
1098,468,131,0.96,66
1099,468,154,0.9,-1
1100,468,485,0.94,66
1101,10,290,0.98,165
1102,10,372,0.95,165
1103,10,267,0.97,165
1104,10,23,0.97,165
1105,10,334,0.99,165
1106,10,421,0.99,165
1107,10,276,0.92,165
1108,10,318,0.93,165
1109,10,403,0.92,-1
1110,10,347,0.94,-1
1111,10,259,0.93,165
1112,10,214,0.98,165
1113,10,383,0.95,-1
1114,10,394,0.92,165
1115,10,325,0.94,-1
1116,454,290,0.97,165
1117,454,372,0.92,165
1118,454,267,0.95,165
1119,454,23,0.96,165
1120,454,334,0.99,165
1121,454,421,0.99,165
1122,454,318,0.9,165
1123,454,403,0.91,-1
1124,454,347,0.96,-1
1125,454,259,0.91,165
1126,454,214,0.97,165
1127,454,297,0.98,165
1128,454,383,0.95,-1
1129,454,394,0.9,165
1130,454,325,0.96,-1
1131,504,517,0.97,55
1132,504,366,0.9,-1
1133,504,505,0.91,-1
1134,504,251,0.93,-1
1135,504,24,0.9,-1
1136,504,42,0.9,-1
1137,504,174,0.94,-1
1138,504,196,0.92,-1
1139,504,180,0.9,-1
1140,504,323,0.93,-1
1141,504,507,0.92,-1
1142,342,137,0.9,-1
1143,342,251,0.96,-1
1144,342,24,0.9,-1
1145,342,425,0.9,-1
1146,342,42,0.91,-1
1147,342,183,0.92,-1
1148,342,174,0.93,-1
1149,342,98,0.9,-1
1150,342,180,0.94,-1
1151,342,410,0.9,-1
1152,342,323,0.93,-1
1153,342,507,0.92,-1
1154,290,372,0.97,165
1155,290,23,0.94,165
1156,290,334,0.96,165
1157,290,421,0.97,165
1158,290,276,0.97,165
1159,290,318,0.97,165
1160,290,403,0.93,-1
1161,290,259,0.94,165
1162,290,297,0.98,165
1163,290,383,0.92,-1
1164,290,394,0.95,165
1165,517,366,0.9,-1
1166,517,505,0.91,-1
1167,517,137,0.91,-1
1168,517,251,0.96,-1
1169,517,24,0.91,-1
1170,517,425,0.91,-1
1171,517,42,0.93,-1
1172,517,183,0.93,-1
1173,517,174,0.94,-1
1174,517,95,0.91,-1
1175,517,98,0.9,-1
1176,517,285,0.91,-1
1177,517,180,0.95,-1
1178,517,410,0.93,-1
1179,517,323,0.95,-1
1180,517,507,0.92,-1
1181,372,281,0.91,-1
1182,372,23,0.92,165
1183,372,334,0.94,165
1184,372,421,0.95,165
1185,372,276,0.97,165
1186,372,318,0.98,165
1187,372,403,0.94,-1
1188,372,259,0.96,165
1189,372,214,0.95,165
1190,372,297,0.93,165
1191,372,379,0.91,-1
1192,372,394,0.96,165
1193,267,281,0.9,-1
1194,267,23,0.92,165
1195,267,334,0.95,165
1196,267,421,0.95,165
1197,267,276,0.97,165
1198,267,318,0.97,165
1199,267,403,0.92,-1
1200,267,259,0.95,165
1201,267,214,0.97,165
1202,267,297,0.96,165
1203,267,383,0.91,-1
1204,267,394,0.96,165
1205,11,78,0.93,249
1206,11,32,0.9,-1
1207,11,38,0.9,-1
1208,46,21,0.94,249
1209,46,299,0.91,-1
1210,78,21,0.91,249
1211,78,53,0.9,-1
1212,100,400,0.98,-1
1213,100,377,0.96,86
1214,100,16,0.9,-1
1215,100,295,0.92,-1
1216,100,282,0.92,-1
1217,100,366,0.92,-1
1218,100,22,0.97,-1
1219,100,473,0.97,86
1220,100,349,0.94,-1
1221,100,19,0.96,-1
1222,100,184,0.93,-1
1223,100,550,0.95,-1
1224,100,505,0.95,-1
1225,100,24,0.94,-1
1226,100,425,0.93,-1
1227,100,429,0.92,-1
1228,100,240,0.93,-1
1229,100,87,0.93,-1
1230,100,300,0.95,-1
1231,100,399,0.96,-1
1232,100,136,0.9,-1
1233,100,455,0.9,-1
1234,100,255,0.92,-1
1235,100,140,0.91,-1
1236,100,168,0.93,-1
1237,100,176,0.96,-1
1238,100,193,0.97,-1
1239,100,285,0.9,-1
1240,100,239,0.94,-1
1241,100,302,0.93,-1
1242,100,354,0.91,-1
1243,100,434,0.93,-1
1244,100,453,0.95,-1
1245,100,507,0.9,-1
1246,100,547,0.97,-1
1247,437,377,0.92,-1
1248,437,16,0.95,-1
1249,437,295,0.96,-1
1250,437,282,0.96,-1
1251,437,366,0.94,-1
1252,437,22,0.98,-1
1253,437,473,0.97,-1
1254,437,349,0.96,-1
1255,437,19,0.98,79
1256,437,184,0.97,79
1257,437,550,0.97,-1
1258,437,505,0.96,-1
1259,437,24,0.94,-1
1260,437,425,0.95,-1
1261,437,43,0.91,-1
1262,437,209,0.92,79
1263,437,414,0.94,79
1264,437,429,0.96,79
1265,437,240,0.94,-1
1266,437,87,0.93,-1
1267,437,81,0.91,-1
1268,437,93,0.93,79
1269,437,300,0.98,79
1270,437,98,0.92,-1
1271,437,136,0.94,-1
1272,437,455,0.94,-1
1273,437,255,0.94,-1
1274,437,140,0.94,79
1275,437,265,0.92,79
1276,437,168,0.97,-1
1277,437,176,0.98,-1
1278,437,193,0.98,-1
1279,437,285,0.93,-1
1280,437,211,0.92,79
1281,437,219,0.9,79
1282,437,239,0.95,-1
1283,437,302,0.97,79
1284,437,328,0.91,-1
1285,437,354,0.91,-1
1286,437,434,0.95,-1
1287,437,438,0.92,-1
1288,437,453,0.97,-1
1289,437,545,0.95,79
1290,218,407,0.96,173
1291,218,281,0.94,-1
1292,218,275,0.95,-1
1293,218,17,0.94,173
1294,218,160,0.94,-1
1295,218,74,0.9,-1
1296,218,551,0.92,-1
1297,218,205,0.92,-1
1298,400,377,0.92,-1
1299,400,16,0.93,-1
1300,400,295,0.94,-1
1301,400,282,0.96,-1
1302,400,366,0.93,-1
1303,400,22,0.97,-1
1304,400,473,0.98,-1
1305,400,349,0.97,-1
1306,400,19,0.97,79
1307,400,184,0.96,79
1308,400,550,0.96,-1
1309,400,505,0.95,-1
1310,400,24,0.94,-1
1311,400,425,0.95,-1
1312,400,43,0.9,-1
1313,400,414,0.93,79
1314,400,429,0.94,79
1315,400,240,0.94,-1
1316,400,87,0.93,-1
1317,400,81,0.91,-1
1318,400,93,0.92,79
1319,400,300,0.97,79
1320,400,399,0.98,79
1321,400,98,0.93,-1
1322,400,136,0.95,-1
1323,400,455,0.94,-1
1324,400,255,0.95,-1
1325,400,140,0.93,79
1326,400,265,0.91,79
1327,400,168,0.96,-1
1328,400,176,0.98,-1
1329,400,193,0.98,-1
1330,400,285,0.92,-1
1331,400,239,0.96,-1
1332,400,302,0.95,79
1333,400,328,0.91,-1
1334,400,354,0.92,-1
1335,400,434,0.95,-1
1336,400,438,0.92,-1
1337,400,453,0.96,-1
1338,400,545,0.95,79
1339,400,547,0.99,79
1340,316,275,0.93,-1
1341,316,17,0.95,173
1342,316,160,0.96,-1
1343,316,177,0.94,-1
1344,316,142,0.91,-1
1345,316,241,0.93,-1
1346,316,463,0.93,-1
1347,316,101,0.92,-1
1348,316,324,0.94,-1
1349,316,396,0.97,-1
1350,316,409,0.93,-1
1351,316,139,0.94,-1
1352,316,344,0.91,-1
1353,316,333,0.91,-1
1354,316,262,0.91,-1
1355,316,381,0.93,-1
1356,316,486,0.92,-1
1357,316,541,0.92,-1
1358,407,15,0.9,-1
1359,407,489,0.91,-1
1360,407,275,0.92,-1
1361,407,17,0.95,173
1362,407,160,0.95,-1
1363,407,177,0.94,-1
1364,407,142,0.92,-1
1365,407,241,0.92,-1
1366,407,463,0.94,-1
1367,407,181,0.9,-1
1368,407,324,0.91,-1
1369,407,396,0.94,-1
1370,407,381,0.93,-1
1371,407,486,0.93,-1
1372,407,541,0.91,-1
1373,377,406,0.94,-1
1374,377,349,0.92,-1
1375,377,369,0.92,-1
1376,377,24,0.9,-1
1377,377,345,0.92,-1
1378,377,258,0.92,-1
1379,377,240,0.92,-1
1380,377,87,0.92,-1
1381,377,224,0.93,-1
1382,377,255,0.9,-1
1383,377,176,0.91,-1
1384,377,193,0.93,-1
1385,377,179,0.92,-1
1386,377,239,0.93,-1
1387,377,328,0.91,-1
1388,377,354,0.91,-1
1389,377,413,0.91,-1
1390,377,434,0.91,-1
1391,377,507,0.9,-1
1392,14,21,0.93,-1
1393,14,29,0.9,-1
1394,14,96,0.92,-1
1395,14,76,0.92,-1
1396,60,76,0.91,-1
1397,15,274,0.95,-1
1398,15,404,0.91,-1
1399,15,160,0.91,-1
1400,15,177,0.95,224
1401,15,142,0.96,224
1402,15,18,0.91,-1
1403,15,173,0.91,-1
1404,15,516,0.91,-1
1405,15,241,0.92,-1
1406,15,463,0.99,224
1407,15,74,0.92,-1
1408,15,181,0.97,224
1409,15,361,0.9,-1
1410,15,459,0.97,-1
1411,15,233,0.91,-1
1412,15,494,0.95,-1
1413,15,94,0.96,-1
1414,15,515,0.93,-1
1415,15,113,0.94,-1
1416,15,448,0.94,-1
1417,15,201,0.95,224
1418,15,512,0.98,-1
1419,15,420,0.93,-1
1420,15,395,0.94,-1
1421,15,277,0.93,-1
1422,15,286,0.97,224
1423,15,381,0.97,224
1424,15,486,0.98,224
1425,15,398,0.96,-1
1426,15,461,0.91,-1
1427,15,496,0.92,-1
1428,15,541,0.95,224
1429,489,274,0.94,-1
1430,489,160,0.91,-1
1431,489,177,0.95,224
1432,489,142,0.96,224
1433,489,18,0.91,-1
1434,489,173,0.9,-1
1435,489,516,0.92,-1
1436,489,241,0.93,-1
1437,489,74,0.91,-1
1438,489,181,0.96,224
1439,489,459,0.96,-1
1440,489,494,0.95,-1
1441,489,94,0.96,-1
1442,489,515,0.93,-1
1443,489,113,0.95,-1
1444,489,324,0.91,-1
1445,489,448,0.93,-1
1446,489,201,0.95,224
1447,489,512,0.97,-1
1448,489,420,0.92,-1
1449,489,395,0.94,-1
1450,489,277,0.93,-1
1451,489,381,0.98,224
1452,489,486,0.98,224
1453,489,398,0.96,-1
1454,489,461,0.91,-1
1455,489,496,0.92,-1
1456,489,541,0.96,224
1457,406,315,0.96,92
1458,406,84,0.95,92
1459,406,369,0.91,-1
1460,406,156,0.93,92
1461,406,423,0.93,92
1462,406,99,0.94,92
1463,406,294,0.91,92
1464,406,44,0.92,92
1465,406,432,0.91,92
1466,406,258,0.93,-1
1467,406,43,0.91,92
1468,406,240,0.94,92
1469,406,87,0.93,92
1470,406,197,0.94,92
1471,406,239,0.9,-1
1472,406,328,0.92,-1
1473,406,350,0.93,92
1474,406,354,0.94,92
1475,406,483,0.94,92
1476,77,84,0.98,92
1477,77,473,0.92,-1
1478,77,349,0.94,-1
1479,77,369,0.91,-1
1480,77,156,0.97,92
1481,77,423,0.98,92
1482,77,99,0.98,92
1483,77,294,0.95,92
1484,77,469,0.95,92
1485,77,44,0.98,92
1486,77,432,0.97,92
1487,77,43,0.97,92
1488,77,48,0.95,92
1489,77,240,0.98,92
1490,77,87,0.97,92
1491,77,197,0.93,92
1492,77,93,0.91,-1
1493,77,300,0.92,-1
1494,77,140,0.91,-1
1495,77,239,0.95,-1
1496,77,328,0.96,-1
1497,77,330,0.91,-1
1498,77,350,0.98,92
1499,77,354,0.98,92
1500,77,523,0.95,92
1501,77,529,0.94,92
1502,315,473,0.92,-1
1503,315,349,0.95,-1
1504,315,369,0.95,-1
1505,315,156,0.98,92
1506,315,423,0.99,92
1507,315,99,0.99,92
1508,315,294,0.98,92
1509,315,469,0.98,92
1510,315,345,0.92,-1
1511,315,44,0.98,92
1512,315,432,0.98,92
1513,315,43,0.96,92
1514,315,48,0.95,92
1515,315,387,0.91,-1
1516,315,240,0.97,92
1517,315,87,0.96,92
1518,315,197,0.94,92
1519,315,300,0.9,-1
1520,315,320,0.9,-1
1521,315,239,0.96,-1
1522,315,328,0.97,-1
1523,315,330,0.92,-1
1524,315,350,0.98,92
1525,315,354,0.98,92
1526,315,483,0.97,92
1527,315,523,0.97,92
1528,315,529,0.95,92
1529,274,160,0.92,228
1530,274,177,0.93,-1
1531,274,142,0.96,-1
1532,274,18,0.97,228
1533,274,173,0.97,228
1534,274,303,0.96,228
1535,274,20,0.95,228
1536,274,430,0.94,-1
1537,274,51,0.91,-1
1538,274,111,0.91,-1
1539,274,508,0.93,228
1540,274,463,0.94,-1
1541,274,74,0.92,-1
1542,274,181,0.91,-1
1543,274,361,0.97,228
1544,274,459,0.94,-1
1545,274,233,0.96,228
1546,274,494,0.91,-1
1547,274,94,0.95,228
1548,274,515,0.94,228
1549,274,113,0.96,228
1550,274,452,0.91,-1
1551,274,124,0.92,-1
1552,274,448,0.91,-1
1553,274,201,0.93,-1
1554,274,215,0.91,-1
1555,274,357,0.9,-1
1556,274,306,0.91,-1
1557,274,286,0.92,-1
1558,274,381,0.94,-1
1559,274,486,0.94,-1
1560,274,398,0.93,228
1561,274,461,0.95,228
1562,274,478,0.91,228
1563,274,496,0.95,228
1564,84,473,0.91,-1
1565,84,349,0.95,-1
1566,84,369,0.96,-1
1567,84,156,0.98,92
1568,84,294,0.99,92
1569,84,469,0.99,92
1570,84,245,0.91,-1
1571,84,345,0.93,-1
1572,84,44,0.98,92
1573,84,432,0.99,92
1574,84,43,0.95,92
1575,84,48,0.95,92
1576,84,387,0.93,-1
1577,84,240,0.97,92
1578,84,87,0.95,92
1579,84,197,0.93,92
1580,84,320,0.92,-1
1581,84,239,0.96,-1
1582,84,328,0.97,-1
1583,84,330,0.93,-1
1584,84,350,0.97,92
1585,84,354,0.97,92
1586,84,483,0.96,92
1587,84,523,0.98,92
1588,84,529,0.95,92
1589,404,160,0.9,228
1590,404,177,0.92,-1
1591,404,142,0.95,-1
1592,404,18,0.98,228
1593,404,173,0.98,228
1594,404,303,0.98,228
1595,404,20,0.97,228
1596,404,430,0.95,-1
1597,404,51,0.95,-1
1598,404,111,0.95,-1
1599,404,508,0.96,228
1600,404,459,0.91,-1
1601,404,233,0.98,228
1602,404,94,0.93,228
1603,404,515,0.95,228
1604,404,113,0.96,228
1605,404,501,0.94,-1
1606,404,452,0.95,-1
1607,404,124,0.96,-1
1608,404,201,0.92,-1
1609,404,512,0.96,228
1610,404,215,0.93,-1
1611,404,357,0.92,-1
1612,404,306,0.93,-1
1613,404,226,0.92,-1
1614,404,381,0.9,-1
1615,404,486,0.91,-1
1616,404,398,0.91,228
1617,404,441,0.91,-1
1618,404,461,0.97,228
1619,404,478,0.93,228
1620,404,496,0.96,228
1621,16,282,0.98,81
1622,16,366,0.98,81
1623,16,22,0.98,81
1624,16,19,0.95,-1
1625,16,184,0.92,-1
1626,16,550,0.98,81
1627,16,505,0.98,81
1628,16,24,0.94,81
1629,16,425,0.95,81
1630,16,42,0.94,-1
1631,16,174,0.93,-1
1632,16,45,0.91,-1
1633,16,209,0.95,-1
1634,16,414,0.95,-1
1635,16,429,0.95,-1
1636,16,244,0.9,-1
1637,16,196,0.91,-1
1638,16,399,0.93,-1
1639,16,95,0.93,81
1640,16,98,0.94,81
1641,16,136,0.95,81
1642,16,455,0.92,81
1643,16,255,0.92,81
1644,16,154,0.94,-1
1645,16,188,0.94,-1
1646,16,178,0.92,-1
1647,16,168,0.98,81
1648,16,176,0.95,81
1649,16,193,0.94,81
1650,16,285,0.98,81
1651,16,211,0.96,-1
1652,16,219,0.94,-1
1653,16,302,0.9,-1
1654,16,323,0.94,81
1655,16,389,0.93,-1
1656,16,484,0.92,-1
1657,16,434,0.91,81
1658,16,438,0.94,81
1659,16,439,0.95,-1
1660,16,453,0.95,81
1661,16,524,0.93,-1
1662,16,545,0.94,-1
1663,16,547,0.95,-1
1664,295,366,0.99,81
1665,295,22,0.98,81
1666,295,19,0.96,-1
1667,295,184,0.95,-1
1668,295,550,0.99,81
1669,295,505,0.97,81
1670,295,24,0.93,81
1671,295,425,0.95,81
1672,295,42,0.93,-1
1673,295,174,0.93,-1
1674,295,45,0.94,-1
1675,295,209,0.98,-1
1676,295,414,0.98,-1
1677,295,429,0.98,-1
1678,295,244,0.94,-1
1679,295,196,0.95,-1
1680,295,300,0.9,-1
1681,295,399,0.95,-1
1682,295,98,0.95,81
1683,295,103,0.93,-1
1684,295,131,0.9,-1
1685,295,136,0.93,81
1686,295,455,0.91,81
1687,295,255,0.91,81
1688,295,154,0.96,-1
1689,295,188,0.97,-1
1690,295,178,0.95,-1
1691,295,168,0.98,81
1692,295,176,0.95,81
1693,295,193,0.94,81
1694,295,285,0.99,81
1695,295,211,0.96,-1
1696,295,219,0.95,-1
1697,295,228,0.93,-1
1698,295,302,0.92,-1
1699,295,323,0.94,81
1700,295,389,0.93,-1
1701,295,484,0.92,-1
1702,295,438,0.93,81
1703,295,439,0.94,-1
1704,295,453,0.96,81
1705,295,485,0.92,-1
1706,295,491,0.9,-1
1707,295,524,0.92,-1
1708,295,545,0.95,-1
1709,295,547,0.96,-1
1710,281,275,0.94,172
1711,281,276,0.92,-1
1712,281,318,0.96,-1
1713,281,259,0.93,-1
1714,281,394,0.93,-1
1715,282,366,0.97,81
1716,282,22,0.98,81
1717,282,473,0.9,-1
1718,282,19,0.97,-1
1719,282,184,0.96,-1
1720,282,550,0.98,81
1721,282,505,0.96,81
1722,282,24,0.93,81
1723,282,425,0.94,81
1724,282,42,0.91,-1
1725,282,174,0.9,-1
1726,282,45,0.93,-1
1727,282,209,0.97,-1
1728,282,414,0.98,-1
1729,282,429,0.98,-1
1730,282,244,0.91,-1
1731,282,196,0.91,-1
1732,282,300,0.93,-1
1733,282,399,0.97,-1
1734,282,98,0.94,81
1735,282,103,0.92,-1
1736,282,136,0.95,81
1737,282,455,0.93,81
1738,282,255,0.92,81
1739,282,154,0.94,-1
1740,282,188,0.95,-1
1741,282,178,0.94,-1
1742,282,168,0.98,81
1743,282,176,0.96,81
1744,282,193,0.94,81
1745,282,285,0.98,81
1746,282,211,0.96,-1
1747,282,219,0.96,-1
1748,282,228,0.9,-1
1749,282,302,0.94,-1
1750,282,323,0.92,81
1751,282,389,0.94,-1
1752,282,484,0.93,-1
1753,282,434,0.91,81
1754,282,438,0.94,81
1755,282,439,0.94,-1
1756,282,453,0.96,81
1757,282,524,0.93,-1
1758,282,545,0.97,-1
1759,282,547,0.97,-1
1760,366,22,0.98,81
1761,366,19,0.93,-1
1762,366,184,0.92,-1
1763,366,550,0.99,81
1764,366,505,0.97,81
1765,366,24,0.94,81
1766,366,425,0.95,81
1767,366,42,0.95,-1
1768,366,174,0.95,-1
1769,366,45,0.93,-1
1770,366,209,0.96,-1
1771,366,414,0.95,-1
1772,366,429,0.96,-1
1773,366,244,0.96,-1
1774,366,196,0.97,-1
1775,366,90,0.9,-1
1776,366,399,0.92,-1
1777,366,98,0.95,81
1778,366,103,0.93,-1
1779,366,305,0.9,-1
1780,366,131,0.93,-1
1781,366,136,0.91,81
1782,366,255,0.9,81
1783,366,154,0.98,-1
1784,366,188,0.97,-1
1785,366,178,0.95,-1
1786,366,168,0.97,81
1787,366,176,0.94,81
1788,366,193,0.93,81
1789,366,211,0.95,-1
1790,366,219,0.93,-1
1791,366,228,0.92,-1
1792,366,323,0.95,81
1793,366,389,0.91,-1
1794,366,438,0.91,81
1795,366,439,0.93,-1
1796,366,453,0.95,81
1797,366,485,0.94,-1
1798,366,545,0.91,-1
1799,366,547,0.94,-1
1800,275,276,0.91,-1
1801,275,318,0.9,-1
1802,275,551,0.93,-1
1803,275,205,0.92,-1
1804,275,394,0.91,-1
1805,22,473,0.94,-1
1806,22,349,0.91,-1
1807,22,19,0.98,-1
1808,22,184,0.96,-1
1809,22,505,0.98,81
1810,22,24,0.95,81
1811,22,425,0.95,81
1812,22,174,0.91,-1
1813,22,45,0.9,-1
1814,22,209,0.95,-1
1815,22,414,0.96,-1
1816,22,429,0.97,-1
1817,22,244,0.94,-1
1818,22,196,0.94,-1
1819,22,300,0.93,-1
1820,22,399,0.97,-1
1821,22,95,0.91,81
1822,22,98,0.95,81
1823,22,103,0.9,-1
1824,22,136,0.93,81
1825,22,455,0.92,81
1826,22,255,0.93,81
1827,22,140,0.91,-1
1828,22,265,0.9,-1
1829,22,154,0.94,-1
1830,22,188,0.92,-1
1831,22,178,0.91,-1
1832,22,168,0.97,81
1833,22,176,0.97,81
1834,22,193,0.97,81
1835,22,285,0.97,81
1836,22,211,0.96,-1
1837,22,219,0.92,-1
1838,22,302,0.93,-1
1839,22,323,0.93,81
1840,22,434,0.92,81
1841,22,438,0.91,81
1842,22,453,0.97,81
1843,22,545,0.94,-1
1844,22,547,0.98,-1
1845,17,177,0.95,-1
1846,17,142,0.93,-1
1847,17,463,0.92,-1
1848,17,396,0.9,-1
1849,17,333,0.91,-1
1850,17,512,0.91,-1
1851,17,381,0.93,-1
1852,17,486,0.92,-1
1853,160,142,0.96,-1
1854,160,303,0.92,228
1855,160,20,0.93,228
1856,160,508,0.9,228
1857,160,463,0.94,-1
1858,160,113,0.92,228
1859,160,324,0.92,-1
1860,160,396,0.91,-1
1861,160,333,0.93,-1
1862,160,512,0.94,228
1863,160,381,0.96,-1
1864,160,486,0.95,-1
1865,160,478,0.92,228
1866,160,496,0.93,228
1867,160,541,0.92,-1
1868,473,369,0.93,-1
1869,473,99,0.92,-1
1870,473,19,0.93,-1
1871,473,184,0.92,-1
1872,473,550,0.93,-1
1873,473,505,0.92,-1
1874,473,24,0.94,-1
1875,473,425,0.94,-1
1876,473,245,0.91,-1
1877,473,345,0.93,-1
1878,473,44,0.92,-1
1879,473,432,0.92,-1
1880,473,43,0.91,-1
1881,473,240,0.96,-1
1882,473,87,0.95,-1
1883,473,93,0.9,-1
1884,473,300,0.96,-1
1885,473,399,0.96,-1
1886,473,224,0.92,-1
1887,473,136,0.93,-1
1888,473,455,0.95,-1
1889,473,255,0.95,-1
1890,473,140,0.91,-1
1891,473,168,0.94,-1
1892,473,176,0.97,-1
1893,473,193,0.97,-1
1894,473,179,0.93,-1
1895,473,239,0.98,-1
1896,473,302,0.94,-1
1897,473,328,0.95,-1
1898,473,350,0.92,-1
1899,473,354,0.94,-1
1900,473,413,0.93,-1
1901,473,434,0.97,-1
1902,473,453,0.94,-1
1903,473,507,0.91,-1
1904,473,523,0.93,-1
1905,473,547,0.96,-1
1906,177,173,0.9,-1
1907,177,303,0.94,-1
1908,177,20,0.95,-1
1909,177,30,0.9,-1
1910,177,508,0.93,-1
1911,177,119,0.91,-1
1912,177,212,0.94,-1
1913,177,463,0.97,224
1914,177,181,0.91,224
1915,177,361,0.91,-1
1916,177,94,0.91,-1
1917,177,515,0.93,-1
1918,177,113,0.97,-1
1919,177,101,0.94,-1
1920,177,324,0.96,-1
1921,177,396,0.94,-1
1922,177,139,0.9,-1
1923,177,280,0.91,-1
1924,177,333,0.95,-1
1925,177,201,0.93,224
1926,177,512,0.96,-1
1927,177,286,0.91,224
1928,177,381,0.99,224
1929,177,486,0.98,224
1930,177,398,0.92,-1
1931,177,478,0.95,-1
1932,177,496,0.96,-1
1933,177,541,0.96,224
1934,349,369,0.94,88
1935,349,423,0.93,-1
1936,349,99,0.96,-1
1937,349,19,0.94,-1
1938,349,184,0.93,-1
1939,349,294,0.91,-1
1940,349,469,0.93,-1
1941,349,24,0.9,-1
1942,349,425,0.9,-1
1943,349,245,0.92,88
1944,349,345,0.93,88
1945,349,44,0.96,-1
1946,349,432,0.97,-1
1947,349,43,0.96,-1
1948,349,240,0.98,-1
1949,349,87,0.97,-1
1950,349,81,0.94,-1
1951,349,93,0.95,-1
1952,349,300,0.97,-1
1953,349,399,0.96,-1
1954,349,136,0.93,-1
1955,349,455,0.94,-1
1956,349,255,0.94,-1
1957,349,140,0.93,-1
1958,349,168,0.92,-1
1959,349,176,0.96,-1
1960,349,193,0.95,-1
1961,349,179,0.91,-1
1962,349,302,0.95,-1
1963,349,328,0.97,88
1964,349,330,0.96,-1
1965,349,350,0.96,-1
1966,349,354,0.97,-1
1967,349,434,0.96,-1
1968,349,438,0.9,-1
1969,349,453,0.91,-1
1970,349,483,0.92,-1
1971,349,523,0.98,-1
1972,349,540,0.91,-1
1973,349,545,0.93,-1
1974,349,547,0.96,-1
1975,142,18,0.92,-1
1976,142,173,0.93,-1
1977,142,303,0.96,-1
1978,142,20,0.95,-1
1979,142,508,0.94,-1
1980,142,212,0.93,-1
1981,142,463,0.97,224
1982,142,181,0.94,224
1983,142,361,0.94,-1
1984,142,459,0.91,-1
1985,142,233,0.9,-1
1986,142,94,0.94,-1
1987,142,515,0.94,-1
1988,142,113,0.98,-1
1989,142,101,0.9,-1
1990,142,324,0.94,-1
1991,142,396,0.91,-1
1992,142,333,0.92,-1
1993,142,201,0.95,224
1994,142,512,0.97,-1
1995,142,286,0.93,224
1996,142,381,0.99,224
1997,142,486,0.98,224
1998,142,398,0.94,-1
1999,142,461,0.91,-1
2000,142,478,0.94,-1
2001,142,496,0.97,-1
2002,142,541,0.96,224
2003,369,423,0.92,-1
2004,369,99,0.97,-1
2005,369,294,0.93,-1
2006,369,469,0.93,-1
2007,369,245,0.98,88
2008,369,44,0.91,-1
2009,369,432,0.95,-1
2010,369,240,0.93,-1
2011,369,87,0.91,-1
2012,369,224,0.96,-1
2013,369,405,0.92,-1
2014,369,455,0.9,-1
2015,369,255,0.9,-1
2016,369,179,0.94,-1
2017,369,239,0.96,88
2018,369,328,0.95,88
2019,369,330,0.91,-1
2020,369,350,0.91,-1
2021,369,354,0.93,-1
2022,369,413,0.92,-1
2023,369,434,0.93,-1
2024,369,523,0.95,-1
2025,369,529,0.92,-1
2026,18,303,0.97,228
2027,18,20,0.96,228
2028,18,364,0.9,-1
2029,18,51,0.96,-1
2030,18,111,0.96,-1
2031,18,508,0.96,228
2032,18,361,0.98,228
2033,18,459,0.92,-1
2034,18,494,0.92,-1
2035,18,94,0.97,228
2036,18,515,0.97,228
2037,18,113,0.96,228
2038,18,501,0.93,-1
2039,18,452,0.96,-1
2040,18,124,0.96,-1
2041,18,141,0.9,-1
2042,18,204,0.93,-1
2043,18,448,0.91,-1
2044,18,291,0.92,-1
2045,18,201,0.92,-1
2046,18,512,0.96,228
2047,18,215,0.97,-1
2048,18,357,0.96,-1
2049,18,306,0.96,-1
2050,18,226,0.96,-1
2051,18,402,0.91,-1
2052,18,286,0.92,-1
2053,18,352,0.93,-1
2054,18,398,0.93,228
2055,18,441,0.95,-1
2056,18,461,0.98,228
2057,18,478,0.93,228
2058,18,496,0.96,228
2059,173,303,0.98,228
2060,173,20,0.97,228
2061,173,430,0.97,-1
2062,173,553,0.9,-1
2063,173,51,0.98,-1
2064,173,111,0.98,-1
2065,173,508,0.97,228
2066,173,212,0.92,-1
2067,173,361,0.99,228
2068,173,459,0.91,-1
2069,173,233,0.98,228
2070,173,494,0.9,-1
2071,173,94,0.96,228
2072,173,515,0.98,228
2073,173,113,0.97,228
2074,173,501,0.94,-1
2075,173,452,0.96,-1
2076,173,124,0.97,-1
2077,173,141,0.93,-1
2078,173,554,0.91,-1
2079,173,530,0.9,-1
2080,173,204,0.94,-1
2081,173,291,0.93,-1
2082,173,201,0.92,-1
2083,173,512,0.95,228
2084,173,215,0.97,-1
2085,173,357,0.95,-1
2086,173,306,0.95,-1
2087,173,226,0.97,-1
2088,173,286,0.91,-1
2089,173,352,0.93,-1
2090,173,381,0.9,-1
2091,173,486,0.9,-1
2092,173,398,0.94,228
2093,173,441,0.96,-1
2094,173,461,0.98,228
2095,173,478,0.94,228
2096,173,496,0.97,228
2097,156,99,0.97,92
2098,156,294,0.99,92
2099,156,469,0.98,92
2100,156,44,0.97,92
2101,156,432,0.96,92
2102,156,43,0.94,92
2103,156,240,0.93,92
2104,156,87,0.91,92
2105,156,320,0.96,-1
2106,156,235,0.91,-1
2107,156,328,0.93,-1
2108,156,350,0.95,92
2109,156,354,0.94,92
2110,156,483,0.97,92
2111,156,523,0.94,92
2112,156,529,0.93,92
2113,423,99,0.99,92
2114,423,294,0.99,92
2115,423,469,0.99,92
2116,423,424,0.92,-1
2117,423,44,0.99,92
2118,423,432,0.99,92
2119,423,43,0.97,92
2120,423,48,0.98,92
2121,423,240,0.96,92
2122,423,87,0.95,92
2123,423,197,0.94,92
2124,423,93,0.91,-1
2125,423,320,0.94,-1
2126,423,239,0.94,-1
2127,423,328,0.96,-1
2128,423,330,0.93,-1
2129,423,350,0.98,92
2130,423,354,0.97,92
2131,423,483,0.98,92
2132,423,523,0.97,92
2133,423,529,0.93,92
2134,99,294,0.99,92
2135,99,469,0.99,92
2136,99,245,0.92,-1
2137,99,345,0.94,-1
2138,99,44,0.98,92
2139,99,43,0.96,92
2140,99,48,0.94,92
2141,99,387,0.93,-1
2142,99,240,0.97,92
2143,99,87,0.96,92
2144,99,197,0.91,92
2145,99,93,0.9,-1
2146,99,300,0.91,-1
2147,99,320,0.91,-1
2148,99,239,0.97,-1
2149,99,328,0.98,-1
2150,99,330,0.95,-1
2151,99,350,0.98,92
2152,99,354,0.98,92
2153,99,483,0.96,92
2154,99,523,0.99,92
2155,99,529,0.93,92
2156,303,430,0.94,-1
2157,303,51,0.97,-1
2158,303,111,0.97,-1
2159,303,508,0.99,228
2160,303,212,0.94,-1
2161,303,361,0.98,228
2162,303,233,0.94,228
2163,303,94,0.93,228
2164,303,515,0.97,228
2165,303,113,0.98,228
2166,303,501,0.95,-1
2167,303,452,0.96,-1
2168,303,280,0.93,-1
2169,303,124,0.97,-1
2170,303,141,0.93,-1
2171,303,554,0.92,-1
2172,303,201,0.92,-1
2173,303,512,0.95,228
2174,303,215,0.91,-1
2175,303,226,0.95,-1
2176,303,381,0.92,-1
2177,303,486,0.92,-1
2178,303,398,0.91,228
2179,303,441,0.92,-1
2180,303,461,0.95,228
2181,303,478,0.97,228
2182,19,550,0.95,-1
2183,19,505,0.94,-1
2184,19,425,0.9,-1
2185,19,43,0.91,-1
2186,19,209,0.95,79
2187,19,414,0.97,79
2188,19,429,0.98,79
2189,19,240,0.92,-1
2190,19,87,0.92,-1
2191,19,81,0.93,-1
2192,19,244,0.91,-1
2193,19,93,0.95,79
2194,19,300,0.98,79
2195,19,399,0.99,79
2196,19,136,0.91,-1
2197,19,140,0.96,79
2198,19,265,0.96,79
2199,19,168,0.94,-1
2200,19,176,0.95,-1
2201,19,193,0.94,-1
2202,19,285,0.92,-1
2203,19,211,0.95,79
2204,19,219,0.93,79
2205,19,239,0.92,-1
2206,19,302,0.96,79
2207,19,434,0.9,-1
2208,19,453,0.95,-1
2209,19,491,0.91,-1
2210,19,545,0.97,79
2211,19,547,0.98,79
2212,184,550,0.93,-1
2213,184,505,0.9,-1
2214,184,43,0.91,-1
2215,184,209,0.95,79
2216,184,414,0.97,79
2217,184,429,0.98,79
2218,184,240,0.92,-1
2219,184,87,0.91,-1
2220,184,81,0.91,-1
2221,184,93,0.96,79
2222,184,300,0.98,79
2223,184,399,0.99,79
2224,184,128,0.91,-1
2225,184,140,0.97,79
2226,184,265,0.97,79
2227,184,168,0.93,-1
2228,184,176,0.93,-1
2229,184,193,0.92,-1
2230,184,285,0.9,-1
2231,184,211,0.94,79
2232,184,219,0.92,79
2233,184,239,0.91,-1
2234,184,302,0.96,79
2235,184,453,0.94,-1
2236,184,491,0.92,-1
2237,184,547,0.97,79
2238,550,24,0.97,81
2239,550,425,0.98,81
2240,550,42,0.92,-1
2241,550,174,0.93,-1
2242,550,209,0.94,-1
2243,550,414,0.94,-1
2244,550,429,0.95,-1
2245,550,244,0.93,-1
2246,550,196,0.95,-1
2247,550,300,0.91,-1
2248,550,399,0.95,-1
2249,550,95,0.94,81
2250,550,98,0.97,81
2251,550,136,0.95,81
2252,550,455,0.94,81
2253,550,255,0.95,81
2254,550,154,0.94,-1
2255,550,188,0.93,-1
2256,550,178,0.9,-1
2257,550,168,0.99,81
2258,550,176,0.98,81
2259,550,193,0.97,81
2260,550,285,0.98,81
2261,550,211,0.93,-1
2262,550,219,0.92,-1
2263,550,302,0.92,-1
2264,550,323,0.96,81
2265,550,428,0.9,-1
2266,550,434,0.94,81
2267,550,438,0.94,81
2268,550,439,0.91,-1
2269,550,507,0.94,81
2270,550,545,0.92,-1
2271,550,547,0.97,-1
2272,20,30,0.9,-1
2273,20,430,0.92,-1
2274,20,51,0.97,-1
2275,20,111,0.97,-1
2276,20,212,0.94,-1
2277,20,361,0.97,228
2278,20,233,0.92,228
2279,20,94,0.91,228
2280,20,515,0.96,228
2281,20,113,0.97,228
2282,20,501,0.95,-1
2283,20,452,0.96,-1
2284,20,280,0.93,-1
2285,20,124,0.96,-1
2286,20,141,0.93,-1
2287,20,554,0.92,-1
2288,20,333,0.91,-1
2289,20,201,0.91,-1
2290,20,512,0.94,228
2291,20,226,0.94,-1
2292,20,381,0.92,-1
2293,20,486,0.91,-1
2294,20,441,0.91,-1
2295,20,461,0.93,228
2296,20,496,0.99,228
2297,294,44,0.97,92
2298,294,432,0.98,92
2299,294,43,0.94,92
2300,294,48,0.96,92
2301,294,387,0.92,-1
2302,294,240,0.94,92
2303,294,87,0.92,92
2304,294,197,0.93,92
2305,294,320,0.96,-1
2306,294,232,0.91,-1
2307,294,153,0.93,-1
2308,294,239,0.92,-1
2309,294,328,0.95,-1
2310,294,330,0.93,-1
2311,294,350,0.96,92
2312,294,354,0.95,92
2313,294,483,0.95,92
2314,294,523,0.97,92
2315,294,529,0.93,92
2316,469,424,0.91,-1
2317,469,44,0.98,92
2318,469,432,0.99,92
2319,469,43,0.95,92
2320,469,48,0.96,92
2321,469,387,0.91,-1
2322,469,240,0.94,92
2323,469,87,0.92,92
2324,469,197,0.92,92
2325,469,106,0.9,-1
2326,469,320,0.96,-1
2327,469,232,0.9,-1
2328,469,153,0.92,-1
2329,469,239,0.93,-1
2330,469,328,0.96,-1
2331,469,330,0.95,-1
2332,469,350,0.96,92
2333,469,354,0.95,92
2334,469,483,0.95,92
2335,469,523,0.98,92
2336,469,529,0.92,92
2337,505,24,0.98,81
2338,505,425,0.98,81
2339,505,42,0.92,-1
2340,505,174,0.95,-1
2341,505,209,0.9,-1
2342,505,414,0.92,-1
2343,505,429,0.92,-1
2344,505,244,0.91,-1
2345,505,196,0.93,-1
2346,505,399,0.93,-1
2347,505,95,0.96,81
2348,505,98,0.96,81
2349,505,136,0.95,81
2350,505,455,0.94,81
2351,505,255,0.96,81
2352,505,154,0.92,-1
2353,505,188,0.9,-1
2354,505,168,0.98,81
2355,505,176,0.97,81
2356,505,193,0.97,81
2357,505,285,0.98,81
2358,505,179,0.91,-1
2359,505,410,0.9,-1
2360,505,211,0.92,-1
2361,505,323,0.97,81
2362,505,413,0.91,-1
2363,505,434,0.94,81
2364,505,438,0.93,81
2365,505,453,0.96,81
2366,505,507,0.95,81
2367,505,547,0.95,-1
2368,23,421,0.97,165
2369,23,403,0.95,-1
2370,23,539,0.92,-1
2371,23,443,0.91,-1
2372,23,347,0.96,-1
2373,23,214,0.95,165
2374,23,297,0.92,165
2375,23,325,0.94,-1
2376,334,276,0.91,165
2377,334,318,0.92,165
2378,334,403,0.94,-1
2379,334,347,0.97,-1
2380,334,259,0.93,165
2381,334,214,0.98,165
2382,334,297,0.96,165
2383,334,383,0.95,-1
2384,334,394,0.92,165
2385,334,325,0.97,-1
2386,334,331,0.91,-1
2387,137,183,0.94,-1
2388,421,276,0.91,165
2389,421,318,0.93,165
2390,421,403,0.94,-1
2391,421,347,0.96,-1
2392,421,259,0.95,165
2393,421,214,0.97,165
2394,421,297,0.96,165
2395,421,394,0.93,165
2396,421,325,0.97,-1
2397,421,331,0.91,-1
2398,251,270,0.92,-1
2399,251,42,0.94,-1
2400,251,183,0.97,-1
2401,251,174,0.91,-1
2402,251,433,0.92,56
2403,251,131,0.91,-1
2404,251,180,0.9,-1
2405,251,319,0.91,-1
2406,24,174,0.91,-1
2407,24,399,0.91,-1
2408,24,98,0.96,81
2409,24,224,0.94,-1
2410,24,405,0.93,-1
2411,24,136,0.97,81
2412,24,455,0.97,81
2413,24,255,0.99,81
2414,24,168,0.98,81
2415,24,176,0.98,81
2416,24,193,0.98,81
2417,24,285,0.94,81
2418,24,179,0.96,-1
2419,24,180,0.91,-1
2420,24,410,0.93,-1
2421,24,239,0.9,-1
2422,24,323,0.97,81
2423,24,413,0.97,-1
2424,24,428,0.94,-1
2425,24,434,0.97,81
2426,24,438,0.95,81
2427,24,453,0.95,81
2428,24,547,0.93,-1
2429,425,174,0.91,-1
2430,425,399,0.92,-1
2431,425,95,0.98,81
2432,425,224,0.92,-1
2433,425,405,0.91,-1
2434,425,136,0.98,81
2435,425,455,0.98,81
2436,425,255,0.99,81
2437,425,168,0.99,81
2438,425,176,0.99,81
2439,425,193,0.98,81
2440,425,285,0.95,81
2441,425,179,0.94,-1
2442,425,180,0.91,-1
2443,425,410,0.93,-1
2444,425,239,0.9,-1
2445,425,413,0.96,-1
2446,425,428,0.95,-1
2447,425,434,0.97,81
2448,425,438,0.96,81
2449,425,439,0.9,-1
2450,425,453,0.95,81
2451,425,507,0.98,81
2452,425,524,0.91,-1
2453,425,547,0.94,-1
2454,276,318,0.97,165
2455,276,403,0.9,-1
2456,276,259,0.94,165
2457,276,214,0.95,165
2458,276,297,0.92,165
2459,276,379,0.91,-1
2460,276,394,0.96,165
2461,27,169,0.9,-1
2462,382,40,0.94,19
2463,382,169,0.95,19
2464,382,317,0.92,-1
2465,386,402,0.91,-1
2466,386,260,0.91,-1
2467,451,40,0.92,19
2468,364,411,0.92,208
2469,364,190,0.96,208
2470,364,430,0.9,-1
2471,364,510,0.93,-1
2472,364,233,0.94,-1
2473,364,204,0.92,208
2474,364,215,0.93,208
2475,364,357,0.97,208
2476,364,306,0.98,208
2477,364,260,0.93,-1
2478,364,461,0.91,-1
2479,270,180,0.9,-1
2480,65,440,0.92,-1
2481,29,79,0.9,-1
2482,79,76,0.91,-1
2483,30,280,0.9,-1
2484,30,333,0.92,229
2485,30,478,0.9,-1
2486,245,432,0.91,-1
2487,245,387,0.97,88
2488,245,224,0.97,-1
2489,245,405,0.95,-1
2490,245,455,0.93,-1
2491,245,255,0.93,-1
2492,245,179,0.95,-1
2493,245,239,0.93,88
2494,245,328,0.92,88
2495,245,330,0.9,-1
2496,245,413,0.95,-1
2497,245,434,0.94,-1
2498,245,523,0.93,-1
2499,345,432,0.92,-1
2500,345,387,0.97,88
2501,345,224,0.98,-1
2502,345,405,0.95,-1
2503,345,455,0.92,-1
2504,345,255,0.93,-1
2505,345,176,0.9,-1
2506,345,193,0.9,-1
2507,345,179,0.96,-1
2508,345,239,0.95,88
2509,345,328,0.94,88
2510,345,354,0.9,-1
2511,345,413,0.95,-1
2512,345,434,0.95,-1
2513,345,523,0.93,-1
2514,424,33,0.9,-1
2515,424,44,0.95,-1
2516,424,432,0.93,-1
2517,424,43,0.95,-1
2518,424,47,0.92,-1
2519,424,48,0.93,-1
2520,424,240,0.92,-1
2521,424,81,0.93,91
2522,424,93,0.97,-1
2523,424,300,0.92,-1
2524,424,128,0.93,-1
2525,424,165,0.93,-1
2526,424,140,0.93,-1
2527,424,265,0.91,-1
2528,424,330,0.92,91
2529,424,350,0.93,-1
2530,424,354,0.9,-1
2531,424,483,0.92,-1
2532,424,523,0.91,-1
2533,33,43,0.9,-1
2534,33,328,0.9,-1
2535,44,48,0.96,92
2536,44,240,0.99,92
2537,44,87,0.97,92
2538,44,81,0.92,-1
2539,44,197,0.9,92
2540,44,93,0.95,-1
2541,44,300,0.94,-1
2542,44,399,0.9,-1
2543,44,320,0.9,-1
2544,44,140,0.93,-1
2545,44,239,0.96,-1
2546,44,302,0.91,-1
2547,44,328,0.97,-1
2548,44,330,0.95,-1
2549,44,354,0.98,92
2550,44,483,0.98,92
2551,44,523,0.98,92
2552,44,529,0.91,92
2553,432,43,0.97,92
2554,432,48,0.95,92
2555,432,387,0.91,-1
2556,432,240,0.98,92
2557,432,87,0.97,92
2558,432,81,0.93,-1
2559,432,93,0.93,-1
2560,432,300,0.93,-1
2561,432,320,0.9,-1
2562,432,239,0.97,-1
2563,432,302,0.9,-1
2564,432,328,0.98,-1
2565,432,330,0.96,-1
2566,432,350,0.98,92
2567,432,354,0.98,92
2568,432,483,0.96,92
2569,432,529,0.91,92
2570,39,277,0.9,-1
2571,516,463,0.93,-1
2572,516,181,0.91,-1
2573,516,101,0.94,-1
2574,516,324,0.94,-1
2575,516,396,0.95,-1
2576,516,139,0.94,-1
2577,516,252,0.92,-1
2578,516,362,0.92,-1
2579,516,518,0.95,-1
2580,516,381,0.92,-1
2581,516,486,0.91,-1
2582,516,541,0.94,-1
2583,241,463,0.95,-1
2584,241,181,0.93,-1
2585,241,101,0.92,-1
2586,241,324,0.94,-1
2587,241,396,0.95,-1
2588,241,139,0.93,-1
2589,241,262,0.9,-1
2590,241,518,0.91,-1
2591,241,381,0.93,-1
2592,241,486,0.93,-1
2593,241,541,0.94,-1
2594,40,144,0.9,-1
2595,64,411,0.9,-1
2596,64,435,0.92,-1
2597,64,431,0.94,-1
2598,64,488,0.94,206
2599,493,190,0.93,-1
2600,493,380,0.92,-1
2601,493,435,0.92,-1
2602,493,431,0.93,-1
2603,493,542,0.93,-1
2604,493,402,0.9,-1
2605,493,543,0.9,-1
2606,493,488,0.96,206
2607,411,553,0.94,208
2608,411,435,0.92,-1
2609,411,431,0.91,-1
2610,411,542,0.94,-1
2611,411,530,0.92,208
2612,411,204,0.95,208
2613,411,357,0.92,208
2614,411,306,0.92,208
2615,411,402,0.93,208
2616,411,488,0.9,-1
2617,187,254,0.94,9
2618,187,144,0.92,-1
2619,187,525,0.93,-1
2620,187,359,0.93,-1
2621,187,235,0.9,-1
2622,190,553,0.97,208
2623,190,233,0.92,-1
2624,190,452,0.92,-1
2625,190,124,0.92,-1
2626,190,530,0.93,208
2627,190,204,0.97,208
2628,190,215,0.94,208
2629,190,357,0.96,208
2630,190,306,0.97,208
2631,190,402,0.97,208
2632,190,441,0.91,-1
2633,311,320,0.96,-1
2634,311,153,0.9,-1
2635,311,147,0.91,-1
2636,311,235,0.94,-1
2637,42,174,0.95,67
2638,42,196,0.92,-1
2639,42,90,0.91,-1
2640,42,98,0.92,-1
2641,42,131,0.96,-1
2642,42,154,0.96,-1
2643,42,188,0.96,-1
2644,42,178,0.91,-1
2645,42,168,0.9,-1
2646,42,285,0.96,-1
2647,42,211,0.9,-1
2648,42,323,0.93,-1
2649,42,389,0.92,-1
2650,42,439,0.95,-1
2651,42,485,0.92,-1
2652,183,174,0.93,67
2653,183,90,0.91,-1
2654,183,131,0.97,-1
2655,183,154,0.92,-1
2656,183,188,0.93,-1
2657,183,285,0.91,-1
2658,183,439,0.93,-1
2659,318,403,0.93,-1
2660,318,214,0.94,165
2661,318,297,0.92,165
2662,318,383,0.91,-1
2663,318,379,0.9,-1
2664,403,347,0.91,-1
2665,403,259,0.94,-1
2666,403,214,0.91,-1
2667,403,379,0.92,-1
2668,403,394,0.93,-1
2669,174,196,0.92,-1
2670,174,131,0.92,-1
2671,174,154,0.92,-1
2672,174,188,0.93,-1
2673,174,168,0.91,-1
2674,174,323,0.95,-1
2675,174,485,0.93,-1
2676,43,48,0.95,92
2677,43,240,0.99,92
2678,43,87,0.98,92
2679,43,81,0.94,-1
2680,43,93,0.97,-1
2681,43,300,0.96,-1
2682,43,399,0.92,-1
2683,43,128,0.93,-1
2684,43,140,0.95,-1
2685,43,265,0.91,-1
2686,43,239,0.96,-1
2687,43,302,0.92,-1
2688,43,328,0.96,-1
2689,43,330,0.94,-1
2690,43,350,0.99,92
2691,43,354,0.98,92
2692,43,483,0.97,92
2693,43,523,0.96,92
2694,43,547,0.9,-1
2695,45,414,0.95,-1
2696,45,429,0.95,-1
2697,45,244,0.91,-1
2698,45,103,0.96,63
2699,45,305,0.94,63
2700,45,475,0.95,63
2701,45,116,0.93,63
2702,45,388,0.93,63
2703,45,466,0.91,-1
2704,45,131,0.9,-1
2705,45,146,0.91,-1
2706,45,154,0.94,63
2707,45,188,0.96,63
2708,45,178,0.96,63
2709,45,285,0.92,-1
2710,45,211,0.95,-1
2711,45,219,0.93,-1
2712,45,228,0.96,63
2713,45,485,0.92,-1
2714,45,491,0.93,63
2715,209,429,0.99,79
2716,209,244,0.94,-1
2717,209,196,0.92,-1
2718,209,399,0.93,79
2719,209,103,0.98,-1
2720,209,305,0.95,-1
2721,209,475,0.96,-1
2722,209,116,0.95,-1
2723,209,388,0.94,-1
2724,209,466,0.92,-1
2725,209,131,0.91,-1
2726,209,265,0.92,79
2727,209,146,0.9,-1
2728,209,154,0.96,-1
2729,209,188,0.97,-1
2730,209,178,0.98,-1
2731,209,168,0.92,-1
2732,209,285,0.96,-1
2733,209,219,0.97,79
2734,209,228,0.97,-1
2735,209,389,0.92,-1
2736,209,484,0.91,-1
2737,209,439,0.92,-1
2738,209,453,0.91,-1
2739,209,485,0.94,-1
2740,209,491,0.96,-1
2741,209,545,0.95,79
2742,209,547,0.93,79
2743,414,244,0.93,-1
2744,414,93,0.9,79
2745,414,300,0.92,79
2746,414,399,0.95,79
2747,414,103,0.96,-1
2748,414,305,0.91,-1
2749,414,475,0.93,-1
2750,414,116,0.93,-1
2751,414,388,0.91,-1
2752,414,466,0.9,-1
2753,414,140,0.91,79
2754,414,265,0.94,79
2755,414,154,0.93,-1
2756,414,188,0.95,-1
2757,414,178,0.96,-1
2758,414,168,0.93,-1
2759,414,176,0.91,-1
2760,414,285,0.95,-1
2761,414,211,0.97,79
2762,414,228,0.93,-1
2763,414,302,0.93,79
2764,414,389,0.91,-1
2765,414,484,0.9,-1
2766,414,439,0.9,-1
2767,414,453,0.93,-1
2768,414,485,0.91,-1
2769,414,491,0.95,-1
2770,414,545,0.97,79
2771,414,547,0.96,79
2772,429,244,0.94,-1
2773,429,196,0.91,-1
2774,429,93,0.91,79
2775,429,300,0.94,79
2776,429,399,0.96,79
2777,429,103,0.96,-1
2778,429,305,0.91,-1
2779,429,475,0.92,-1
2780,429,116,0.94,-1
2781,429,388,0.91,-1
2782,429,140,0.93,79
2783,429,265,0.95,79
2784,429,154,0.94,-1
2785,429,188,0.94,-1
2786,429,178,0.96,-1
2787,429,168,0.93,-1
2788,429,176,0.91,-1
2789,429,193,0.9,-1
2790,429,285,0.95,-1
2791,429,211,0.97,79
2792,429,219,0.95,79
2793,429,228,0.94,-1
2794,429,302,0.93,79
2795,429,453,0.94,-1
2796,429,485,0.9,-1
2797,429,491,0.96,-1
2798,429,545,0.97,79
2799,429,547,0.96,79
2800,47,317,0.92,-1
2801,48,240,0.92,92
2802,48,87,0.9,92
2803,48,197,0.95,92
2804,48,320,0.95,-1
2805,48,328,0.91,-1
2806,48,350,0.95,92
2807,48,354,0.93,92
2808,48,483,0.97,92
2809,48,523,0.92,92
2810,430,553,0.9,-1
2811,430,51,0.92,-1
2812,430,111,0.93,-1
2813,430,508,0.92,-1
2814,430,361,0.95,-1
2815,430,233,0.96,-1
2816,430,94,0.91,-1
2817,430,515,0.92,-1
2818,430,501,0.93,-1
2819,430,452,0.95,-1
2820,430,124,0.95,-1
2821,430,204,0.91,-1
2822,430,512,0.92,-1
2823,430,215,0.94,-1
2824,430,357,0.93,-1
2825,430,306,0.95,-1
2826,430,226,0.92,-1
2827,430,402,0.91,-1
2828,430,352,0.91,-1
2829,430,461,0.94,-1
2830,430,496,0.92,-1
2831,206,197,0.92,-1
2832,206,235,0.92,-1
2833,380,494,0.91,-1
2834,380,94,0.9,-1
2835,380,448,0.91,-1
2836,380,195,0.95,-1
2837,380,291,0.94,-1
2838,380,215,0.93,-1
2839,380,357,0.95,-1
2840,380,306,0.91,-1
2841,380,260,0.91,210
2842,380,299,0.95,-1
2843,380,352,0.96,210
2844,380,441,0.92,-1
2845,380,531,0.93,-1
2846,380,461,0.91,-1
2847,510,71,0.94,-1
2848,510,459,0.91,-1
2849,510,233,0.91,-1
2850,510,494,0.94,-1
2851,510,94,0.91,-1
2852,510,448,0.95,-1
2853,510,215,0.92,-1
2854,510,357,0.96,-1
2855,510,306,0.94,-1
2856,510,402,0.92,-1
2857,510,543,0.91,-1
2858,510,352,0.96,210
2859,510,461,0.91,-1
2860,510,488,0.96,-1
2861,254,235,0.91,-1
2862,553,51,0.92,-1
2863,553,111,0.93,-1
2864,553,501,0.92,-1
2865,553,452,0.94,-1
2866,553,124,0.94,-1
2867,553,554,0.91,-1
2868,553,530,0.97,208
2869,553,215,0.94,208
2870,553,357,0.93,208
2871,553,306,0.93,208
2872,553,226,0.93,-1
2873,553,402,0.92,208
2874,553,441,0.93,-1
2875,51,508,0.99,-1
2876,51,212,0.94,-1
2877,51,361,0.96,-1
2878,51,233,0.93,-1
2879,51,94,0.92,-1
2880,51,515,0.97,-1
2881,51,113,0.96,-1
2882,51,501,0.95,227
2883,51,452,0.97,227
2884,51,280,0.94,-1
2885,51,124,0.97,227
2886,51,141,0.97,-1
2887,51,554,0.97,227
2888,51,530,0.95,-1
2889,51,204,0.95,-1
2890,51,195,0.9,-1
2891,51,291,0.94,-1
2892,51,215,0.94,-1
2893,51,357,0.91,-1
2894,51,306,0.91,-1
2895,51,441,0.97,227
2896,51,461,0.95,-1
2897,51,478,0.95,-1
2898,51,496,0.97,-1
2899,111,508,0.98,-1
2900,111,212,0.93,-1
2901,111,361,0.96,-1
2902,111,233,0.93,-1
2903,111,94,0.91,-1
2904,111,515,0.97,-1
2905,111,113,0.95,-1
2906,111,501,0.96,227
2907,111,452,0.98,227
2908,111,280,0.93,-1
2909,111,124,0.98,227
2910,111,141,0.96,-1
2911,111,530,0.95,-1
2912,111,204,0.96,-1
2913,111,195,0.9,-1
2914,111,291,0.93,-1
2915,111,215,0.95,-1
2916,111,357,0.92,-1
2917,111,306,0.91,-1
2918,111,226,0.99,227
2919,111,441,0.97,227
2920,111,461,0.95,-1
2921,111,478,0.95,-1
2922,111,496,0.96,-1
2923,508,212,0.96,-1
2924,508,361,0.97,228
2925,508,233,0.92,228
2926,508,94,0.92,228
2927,508,515,0.97,228
2928,508,113,0.97,228
2929,508,501,0.95,-1
2930,508,452,0.96,-1
2931,508,280,0.95,-1
2932,508,124,0.97,-1
2933,508,141,0.96,-1
2934,508,554,0.95,-1
2935,508,201,0.91,-1
2936,508,512,0.93,228
2937,508,215,0.91,-1
2938,508,226,0.96,-1
2939,508,381,0.91,-1
2940,508,441,0.94,-1
2941,508,461,0.94,228
2942,508,478,0.98,228
2943,508,496,0.99,228
2944,55,141,0.9,-1
2945,119,212,0.95,230
2946,119,515,0.92,-1
2947,119,113,0.93,-1
2948,119,101,0.93,-1
2949,119,324,0.94,-1
2950,119,280,0.95,230
2951,119,141,0.95,230
2952,119,381,0.91,-1
2953,119,496,0.91,-1
2954,119,541,0.93,-1
2955,426,280,0.91,230
2956,426,141,0.92,230
2957,387,224,0.93,-1
2958,387,405,0.91,-1
2959,387,374,0.94,-1
2960,387,153,0.9,-1
2961,387,179,0.9,-1
2962,387,328,0.91,88
2963,387,523,0.91,-1
2964,387,529,0.9,-1
2965,212,361,0.9,-1
2966,212,94,0.91,-1
2967,212,515,0.96,-1
2968,212,113,0.96,-1
2969,212,324,0.91,-1
2970,212,141,0.97,230
2971,212,333,0.93,-1
2972,212,201,0.9,-1
2973,212,226,0.92,-1
2974,212,381,0.93,-1
2975,212,486,0.91,-1
2976,212,441,0.91,-1
2977,212,478,0.95,-1
2978,212,496,0.96,-1
2979,212,541,0.91,-1
2980,487,467,0.94,260
2981,444,509,0.91,-1
2982,62,381,0.9,-1
2983,62,486,0.9,-1
2984,463,74,0.92,-1
2985,463,459,0.94,-1
2986,463,494,0.92,-1
2987,463,94,0.94,-1
2988,463,515,0.91,-1
2989,463,113,0.94,-1
2990,463,101,0.91,-1
2991,463,324,0.94,-1
2992,463,396,0.92,-1
2993,463,201,0.94,224
2994,463,512,0.97,-1
2995,463,420,0.9,-1
2996,463,395,0.92,-1
2997,463,277,0.91,-1
2998,463,286,0.96,224
2999,463,381,0.99,224
3000,463,486,0.99,224
3001,463,398,0.94,-1
3002,463,496,0.92,-1
3003,463,541,0.97,224
3004,317,104,0.91,-1
3005,317,371,0.92,-1
3006,68,88,0.93,-1
3007,68,112,0.94,-1
3008,68,90,0.95,-1
3009,68,103,0.92,-1
3010,68,305,0.96,-1
3011,68,475,0.93,-1
3012,68,116,0.91,-1
3013,68,388,0.91,-1
3014,68,131,0.91,-1
3015,68,178,0.9,-1
3016,68,228,0.93,-1
3017,68,376,0.9,-1
3018,68,485,0.92,-1
3019,80,244,0.91,-1
3020,80,88,0.93,-1
3021,80,112,0.95,-1
3022,80,90,0.94,-1
3023,80,103,0.94,-1
3024,80,305,0.97,-1
3025,80,475,0.94,-1
3026,80,116,0.94,-1
3027,80,388,0.92,-1
3028,80,178,0.92,-1
3029,80,199,0.91,-1
3030,80,228,0.94,-1
3031,80,485,0.93,-1
3032,80,491,0.91,-1
3033,456,391,0.9,-1
3034,71,543,0.94,209
3035,71,488,0.94,-1
3036,192,393,0.9,-1
3037,74,459,0.93,-1
3038,74,175,0.91,-1
3039,74,512,0.92,-1
3040,74,420,0.94,-1
3041,74,286,0.9,-1
3042,181,459,0.94,-1
3043,181,494,0.91,-1
3044,181,94,0.9,-1
3045,181,448,0.9,-1
3046,181,201,0.9,224
3047,181,512,0.94,-1
3048,181,420,0.94,-1
3049,181,395,0.94,-1
3050,181,277,0.91,-1
3051,181,286,0.94,224
3052,181,381,0.95,224
3053,181,486,0.95,224
3054,181,398,0.93,-1
3055,181,541,0.93,224
3056,240,81,0.92,-1
3057,240,93,0.95,-1
3058,240,300,0.97,-1
3059,240,399,0.94,-1
3060,240,140,0.94,-1
3061,240,176,0.9,-1
3062,240,193,0.91,-1
3063,240,239,0.98,-1
3064,240,302,0.94,-1
3065,240,328,0.97,-1
3066,240,330,0.94,-1
3067,240,350,0.99,92
3068,240,434,0.91,-1
3069,240,483,0.97,92
3070,240,523,0.97,92
3071,240,547,0.93,-1
3072,87,81,0.94,-1
3073,87,93,0.94,-1
3074,87,300,0.96,-1
3075,87,399,0.93,-1
3076,87,140,0.94,-1
3077,87,193,0.91,-1
3078,87,239,0.97,-1
3079,87,302,0.93,-1
3080,87,328,0.96,-1
3081,87,330,0.93,-1
3082,87,350,0.97,92
3083,87,354,0.98,92
3084,87,483,0.95,92
3085,87,523,0.95,92
3086,87,547,0.93,-1
3087,75,148,0.91,-1
3088,213,416,0.93,266
3089,361,233,0.97,228
3090,361,94,0.94,228
3091,361,515,0.96,228
3092,361,113,0.97,228
3093,361,501,0.94,-1
3094,361,452,0.96,-1
3095,361,124,0.97,-1
3096,361,141,0.91,-1
3097,361,204,0.91,-1
3098,361,201,0.92,-1
3099,361,512,0.95,228
3100,361,215,0.94,-1
3101,361,357,0.93,-1
3102,361,306,0.94,-1
3103,361,226,0.94,-1
3104,361,486,0.9,-1
3105,361,398,0.92,228
3106,361,441,0.94,-1
3107,361,461,0.97,228
3108,361,478,0.94,228
3109,361,496,0.96,228
3110,81,93,0.95,-1
3111,81,300,0.95,-1
3112,81,399,0.93,-1
3113,81,136,0.91,-1
3114,81,140,0.91,-1
3115,81,239,0.93,-1
3116,81,302,0.93,-1
3117,81,328,0.9,-1
3118,81,330,0.96,91
3119,81,350,0.9,-1
3120,81,354,0.92,-1
3121,81,523,0.91,-1
3122,81,540,0.91,-1
3123,81,545,0.94,-1
3124,81,547,0.92,-1
3125,197,320,0.92,-1
3126,197,235,0.93,-1
3127,197,350,0.9,92
3128,197,483,0.93,92
3129,197,529,0.93,92
3130,459,233,0.94,-1
3131,459,94,0.95,-1
3132,459,515,0.9,-1
3133,459,448,0.98,217
3134,459,201,0.92,-1
3135,459,512,0.96,-1
3136,459,256,0.91,-1
3137,459,420,0.97,217
3138,459,395,0.95,217
3139,459,260,0.91,-1
3140,459,277,0.92,-1
3141,459,286,0.96,-1
3142,459,352,0.91,-1
3143,459,381,0.9,-1
3144,459,486,0.92,-1
3145,459,398,0.94,-1
3146,459,461,0.93,-1
3147,233,494,0.93,-1
3148,233,94,0.96,228
3149,233,515,0.94,228
3150,233,113,0.93,228
3151,233,501,0.91,-1
3152,233,452,0.94,-1
3153,233,124,0.94,-1
3154,233,204,0.93,-1
3155,233,448,0.93,-1
3156,233,201,0.9,-1
3157,233,512,0.94,228
3158,233,215,0.97,-1
3159,233,357,0.98,-1
3160,233,306,0.98,-1
3161,233,226,0.93,-1
3162,233,402,0.94,-1
3163,233,260,0.91,-1
3164,233,286,0.91,-1
3165,233,352,0.93,-1
3166,233,398,0.93,228
3167,233,441,0.93,-1
3168,233,496,0.93,228
3169,494,94,0.97,-1
3170,494,515,0.91,-1
3171,494,201,0.91,-1
3172,494,512,0.94,-1
3173,494,215,0.91,-1
3174,494,357,0.92,-1
3175,494,420,0.94,217
3176,494,395,0.95,217
3177,494,260,0.93,-1
3178,494,277,0.92,-1
3179,494,286,0.96,-1
3180,494,299,0.9,-1
3181,494,352,0.94,-1
3182,494,486,0.9,-1
3183,494,398,0.95,-1
3184,494,461,0.94,-1
3185,86,205,0.91,-1
3186,551,175,0.92,-1
3187,551,500,0.9,-1
3188,244,90,0.93,-1
3189,244,103,0.96,-1
3190,244,305,0.94,-1
3191,244,475,0.91,-1
3192,244,116,0.92,-1
3193,244,131,0.91,-1
3194,244,154,0.96,-1
3195,244,188,0.94,-1
3196,244,178,0.94,-1
3197,244,285,0.94,-1
3198,244,211,0.92,-1
3199,244,228,0.93,-1
3200,244,453,0.9,-1
3201,244,485,0.96,-1
3202,244,491,0.95,-1
3203,196,90,0.94,-1
3204,196,98,0.9,-1
3205,196,103,0.92,-1
3206,196,305,0.91,-1
3207,196,131,0.93,-1
3208,196,154,0.97,-1
3209,196,188,0.95,-1
3210,196,178,0.93,-1
3211,196,168,0.9,-1
3212,196,285,0.95,-1
3213,196,211,0.9,-1
3214,196,228,0.92,-1
3215,196,323,0.92,-1
3216,196,453,0.91,-1
3217,196,485,0.95,-1
3218,88,292,0.97,62
3219,88,103,0.92,-1
3220,88,305,0.96,-1
3221,88,475,0.96,-1
3222,88,116,0.92,-1
3223,88,388,0.92,-1
3224,88,199,0.94,62
3225,88,228,0.92,-1
3226,88,337,0.9,-1
3227,88,376,0.91,-1
3228,88,485,0.9,-1
3229,112,103,0.95,-1
3230,112,305,0.96,-1
3231,112,475,0.97,-1
3232,112,116,0.97,-1
3233,112,388,0.97,-1
3234,112,466,0.94,-1
3235,112,146,0.9,-1
3236,112,178,0.92,-1
3237,112,228,0.94,-1
3238,112,337,0.96,-1
3239,112,376,0.92,-1
3240,112,528,0.9,-1
3241,112,393,0.92,-1
3242,112,491,0.92,-1
3243,292,305,0.92,-1
3244,292,475,0.95,-1
3245,292,116,0.92,-1
3246,292,388,0.95,-1
3247,292,123,0.91,-1
3248,292,466,0.95,-1
3249,292,199,0.92,62
3250,292,228,0.91,-1
3251,292,337,0.95,-1
3252,292,376,0.94,-1
3253,292,528,0.93,-1
3254,292,393,0.92,-1
3255,292,416,0.9,-1
3256,90,103,0.92,-1
3257,90,305,0.95,-1
3258,90,475,0.91,-1
3259,90,154,0.95,-1
3260,90,188,0.94,-1
3261,90,178,0.92,-1
3262,90,228,0.93,-1
3263,90,427,0.9,-1
3264,90,485,0.97,66
3265,93,399,0.96,79
3266,93,128,0.94,-1
3267,93,165,0.92,-1
3268,93,140,0.98,79
3269,93,265,0.96,79
3270,93,239,0.93,-1
3271,93,302,0.95,79
3272,93,328,0.91,-1
3273,93,330,0.93,-1
3274,93,350,0.94,-1
3275,93,354,0.93,-1
3276,93,483,0.92,-1
3277,93,523,0.93,-1
3278,93,545,0.96,79
3279,93,547,0.93,79
3280,300,128,0.91,-1
3281,300,136,0.91,-1
3282,300,140,0.97,79
3283,300,265,0.95,79
3284,300,168,0.92,-1
3285,300,176,0.94,-1
3286,300,193,0.93,-1
3287,300,239,0.96,-1
3288,300,302,0.97,79
3289,300,328,0.93,-1
3290,300,330,0.92,-1
3291,300,350,0.94,-1
3292,300,354,0.95,-1
3293,300,434,0.91,-1
3294,300,453,0.92,-1
3295,300,483,0.91,-1
3296,300,523,0.93,-1
3297,300,545,0.96,79
3298,300,547,0.98,79
3299,399,98,0.91,-1
3300,399,136,0.93,-1
3301,399,455,0.92,-1
3302,399,255,0.92,-1
3303,399,140,0.96,79
3304,399,265,0.95,79
3305,399,168,0.95,-1
3306,399,176,0.96,-1
3307,399,193,0.96,-1
3308,399,285,0.91,-1
3309,399,211,0.93,79
3310,399,219,0.92,79
3311,399,239,0.95,-1
3312,399,328,0.9,-1
3313,399,330,0.9,-1
3314,399,350,0.91,-1
3315,399,354,0.91,-1
3316,399,434,0.93,-1
3317,399,438,0.91,-1
3318,399,453,0.95,-1
3319,399,545,0.97,79
3320,399,547,0.98,79
3321,94,113,0.96,228
3322,94,141,0.91,-1
3323,94,448,0.96,-1
3324,94,195,0.9,-1
3325,94,291,0.94,-1
3326,94,201,0.95,-1
3327,94,512,0.97,228
3328,94,215,0.94,-1
3329,94,357,0.93,-1
3330,94,306,0.91,-1
3331,94,226,0.93,-1
3332,94,286,0.97,-1
3333,94,299,0.93,-1
3334,94,352,0.95,-1
3335,94,381,0.94,-1
3336,94,486,0.94,-1
3337,94,441,0.94,-1
3338,94,461,0.98,228
3339,94,478,0.9,228
3340,94,496,0.94,228
3341,94,541,0.92,-1
3342,515,452,0.92,-1
3343,515,280,0.93,-1
3344,515,124,0.93,-1
3345,515,141,0.97,-1
3346,515,554,0.9,-1
3347,515,204,0.9,-1
3348,515,195,0.92,-1
3349,515,291,0.96,-1
3350,515,201,0.94,-1
3351,515,512,0.95,228
3352,515,215,0.94,-1
3353,515,357,0.92,-1
3354,515,306,0.9,-1
3355,515,226,0.98,-1
3356,515,286,0.93,-1
3357,515,299,0.92,-1
3358,515,352,0.94,-1
3359,515,381,0.94,-1
3360,515,486,0.93,-1
3361,515,398,0.96,228
3362,515,441,0.97,-1
3363,515,461,0.97,228
3364,515,478,0.95,228
3365,515,496,0.98,228
3366,515,541,0.9,-1
3367,113,324,0.91,-1
3368,113,280,0.94,-1
3369,113,124,0.91,-1
3370,113,141,0.95,-1
3371,113,333,0.9,-1
3372,113,291,0.91,-1
3373,113,201,0.95,-1
3374,113,512,0.96,228
3375,113,226,0.94,-1
3376,113,286,0.92,-1
3377,113,381,0.97,-1
3378,113,486,0.96,-1
3379,113,398,0.95,228
3380,113,441,0.93,-1
3381,113,461,0.95,228
3382,113,478,0.96,228
3383,113,496,0.98,228
3384,113,541,0.94,-1
3385,95,98,0.93,81
3386,95,224,0.94,-1
3387,95,405,0.94,-1
3388,95,136,0.96,81
3389,95,455,0.96,81
3390,95,255,0.97,81
3391,95,168,0.95,81
3392,95,176,0.96,81
3393,95,193,0.95,81
3394,95,285,0.91,81
3395,95,179,0.97,-1
3396,95,180,0.93,-1
3397,95,410,0.96,-1
3398,95,323,0.96,81
3399,95,413,0.96,-1
3400,95,428,0.91,-1
3401,95,434,0.96,81
3402,95,438,0.94,81
3403,95,453,0.91,81
3404,95,507,0.97,81
3405,539,347,0.96,160
3406,539,144,0.91,-1
3407,539,525,0.97,-1
3408,539,359,0.96,-1
3409,539,325,0.94,160
3410,539,331,0.95,160
3411,443,347,0.95,160
3412,443,525,0.92,-1
3413,443,359,0.93,-1
3414,443,325,0.93,160
3415,443,331,0.93,160
3416,433,527,0.91,-1
3417,433,542,0.9,-1
3418,433,225,0.94,-1
3419,433,427,0.94,-1
3420,347,359,0.92,-1
3421,347,383,0.91,-1
3422,347,331,0.97,160
3423,98,136,0.95,81
3424,98,455,0.95,81
3425,98,255,0.96,81
3426,98,154,0.9,-1
3427,98,168,0.97,81
3428,98,176,0.96,81
3429,98,193,0.94,81
3430,98,285,0.94,81
3431,98,323,0.95,81
3432,98,413,0.92,-1
3433,98,428,0.94,-1
3434,98,434,0.92,81
3435,98,438,0.95,81
3436,98,439,0.92,-1
3437,98,453,0.93,81
3438,98,507,0.94,81
3439,98,524,0.92,-1
3440,98,547,0.9,-1
3441,101,396,0.98,191
3442,101,409,0.94,191
3443,101,139,0.97,191
3444,101,344,0.94,191
3445,101,333,0.92,-1
3446,101,252,0.91,191
3447,101,381,0.94,-1
3448,101,486,0.92,-1
3449,101,541,0.95,-1
3450,324,396,0.98,191
3451,324,409,0.94,191
3452,324,139,0.98,191
3453,324,344,0.94,191
3454,324,333,0.93,-1
3455,324,252,0.91,191
3456,324,381,0.96,-1
3457,324,486,0.95,-1
3458,324,541,0.98,-1
3459,224,136,0.9,-1
3460,224,455,0.94,-1
3461,224,255,0.95,-1
3462,224,176,0.92,-1
3463,224,193,0.92,-1
3464,224,239,0.91,-1
3465,224,428,0.9,-1
3466,224,434,0.95,-1
3467,224,507,0.96,-1
3468,405,455,0.93,-1
3469,405,255,0.94,-1
3470,405,179,0.97,87
3471,405,413,0.98,87
3472,405,428,0.9,-1
3473,405,434,0.93,-1
3474,405,507,0.96,-1
3475,396,409,0.97,191
3476,396,344,0.96,191
3477,396,333,0.92,-1
3478,396,252,0.93,191
3479,396,358,0.91,-1
3480,396,381,0.94,-1
3481,396,486,0.92,-1
3482,396,541,0.94,-1
3483,409,139,0.98,191
3484,409,415,0.92,-1
3485,409,252,0.96,191
3486,409,262,0.91,-1
3487,409,351,0.92,-1
3488,409,358,0.92,-1
3489,139,344,0.98,191
3490,139,252,0.97,191
3491,139,262,0.92,-1
3492,139,518,0.9,-1
3493,139,381,0.91,-1
3494,139,541,0.93,-1
3495,344,415,0.92,-1
3496,344,262,0.91,-1
3497,344,351,0.91,-1
3498,344,358,0.9,-1
3499,415,252,0.93,-1
3500,415,351,0.93,-1
3501,103,475,0.98,63
3502,103,116,0.98,63
3503,103,388,0.96,63
3504,103,466,0.92,-1
3505,103,131,0.92,-1
3506,103,146,0.93,-1
3507,103,154,0.96,63
3508,103,188,0.97,63
3509,103,178,0.98,63
3510,103,285,0.92,-1
3511,103,211,0.95,-1
3512,103,219,0.91,-1
3513,103,228,0.98,63
3514,103,337,0.91,63
3515,103,485,0.96,-1
3516,103,491,0.97,63
3517,305,116,0.97,63
3518,305,388,0.96,63
3519,305,466,0.9,-1
3520,305,131,0.95,-1
3521,305,146,0.92,-1
3522,305,154,0.96,63
3523,305,188,0.97,63
3524,305,178,0.98,63
3525,305,199,0.91,-1
3526,305,211,0.92,-1
3527,305,376,0.93,-1
3528,305,528,0.91,-1
3529,305,485,0.97,-1
3530,305,491,0.94,63
3531,475,116,0.97,63
3532,475,388,0.98,63
3533,475,123,0.91,-1
3534,475,466,0.95,-1
3535,475,131,0.93,-1
3536,475,146,0.92,-1
3537,475,154,0.95,63
3538,475,188,0.96,63
3539,475,178,0.98,63
3540,475,199,0.91,-1
3541,475,211,0.93,-1
3542,475,219,0.9,-1
3543,475,228,0.99,63
3544,475,337,0.93,63
3545,475,376,0.95,-1
3546,475,528,0.94,-1
3547,475,485,0.95,-1
3548,475,491,0.94,63
3549,104,371,0.92,-1
3550,171,123,0.92,-1
3551,320,232,0.92,-1
3552,320,153,0.94,-1
3553,320,235,0.92,-1
3554,501,452,0.99,227
3555,501,124,0.99,227
3556,501,554,0.94,227
3557,501,530,0.91,-1
3558,501,204,0.92,-1
3559,501,226,0.93,227
3560,501,308,0.93,-1
3561,501,478,0.91,-1
3562,501,496,0.91,-1
3563,452,554,0.94,227
3564,452,530,0.93,-1
3565,452,204,0.95,-1
3566,452,215,0.93,-1
3567,452,357,0.91,-1
3568,452,306,0.93,-1
3569,452,226,0.95,227
3570,452,308,0.91,-1
3571,452,441,0.92,227
3572,452,461,0.92,-1
3573,452,478,0.91,-1
3574,452,496,0.93,-1
3575,108,165,0.96,16
3576,108,116,0.91,-1
3577,108,140,0.91,-1
3578,108,265,0.96,-1
3579,108,148,0.94,-1
3580,108,293,0.9,-1
3581,108,337,0.91,-1
3582,108,491,0.93,-1
3583,128,140,0.95,-1
3584,128,265,0.97,-1
3585,128,462,0.91,-1
3586,165,140,0.93,-1
3587,165,265,0.95,-1
3588,165,462,0.92,-1
3589,116,466,0.93,-1
3590,116,265,0.91,-1
3591,116,154,0.91,63
3592,116,188,0.91,63
3593,116,178,0.95,63
3594,116,199,0.94,-1
3595,116,211,0.93,-1
3596,116,228,0.97,63
3597,116,337,0.96,63
3598,116,485,0.91,-1
3599,388,123,0.93,-1
3600,388,466,0.96,-1
3601,388,146,0.9,-1
3602,388,154,0.9,63
3603,388,188,0.91,63
3604,388,178,0.96,63
3605,388,211,0.91,-1
3606,388,228,0.97,63
3607,388,337,0.96,63
3608,388,376,0.93,-1
3609,388,528,0.93,-1
3610,388,491,0.94,63
3611,280,554,0.94,-1
3612,280,333,0.92,-1
3613,280,226,0.92,-1
3614,280,441,0.9,-1
3615,280,478,0.96,-1
3616,280,496,0.95,-1
3617,123,178,0.9,-1
3618,123,337,0.91,-1
3619,123,376,0.93,60
3620,123,528,0.95,60
3621,123,389,0.91,-1
3622,123,484,0.92,-1
3623,466,178,0.93,-1
3624,466,228,0.92,-1
3625,466,376,0.94,60
3626,466,528,0.94,60
3627,124,554,0.95,227
3628,124,530,0.93,-1
3629,124,204,0.95,-1
3630,124,215,0.93,-1
3631,124,357,0.91,-1
3632,124,306,0.93,-1
3633,124,226,0.95,227
3634,124,308,0.91,-1
3635,124,441,0.93,227
3636,124,461,0.93,-1
3637,124,478,0.92,-1
3638,124,496,0.94,-1
3639,131,154,0.97,-1
3640,131,188,0.97,-1
3641,131,178,0.95,-1
3642,131,285,0.93,-1
3643,131,228,0.94,-1
3644,131,439,0.9,-1
3645,131,485,0.97,66
3646,133,476,0.91,49
3647,133,543,0.91,-1
3648,538,319,0.91,-1
3649,476,225,0.92,-1
3650,144,359,0.92,159
3651,525,331,0.9,-1
3652,359,331,0.93,-1
3653,527,542,0.93,207
3654,527,225,0.92,-1
3655,136,255,0.98,81
3656,136,168,0.98,81
3657,136,176,0.98,81
3658,136,193,0.96,81
3659,136,285,0.92,81
3660,136,179,0.93,-1
3661,136,239,0.93,-1
3662,136,302,0.92,-1
3663,136,323,0.93,81
3664,136,330,0.9,-1
3665,136,389,0.9,-1
3666,136,413,0.94,-1
3667,136,428,0.94,-1
3668,136,434,0.97,81
3669,136,439,0.91,-1
3670,136,453,0.93,81
3671,136,507,0.92,81
3672,136,524,0.94,-1
3673,136,540,0.94,-1
3674,136,545,0.93,-1
3675,136,547,0.94,-1
3676,455,168,0.97,81
3677,455,176,0.98,81
3678,455,193,0.97,81
3679,455,179,0.95,-1
3680,455,410,0.9,-1
3681,455,239,0.94,-1
3682,455,302,0.91,-1
3683,455,323,0.93,81
3684,455,413,0.96,-1
3685,455,428,0.95,-1
3686,455,434,0.98,81
3687,455,438,0.98,81
3688,455,453,0.92,81
3689,455,507,0.95,81
3690,455,524,0.92,-1
3691,455,540,0.93,-1
3692,455,547,0.93,-1
3693,255,168,0.97,81
3694,255,176,0.99,81
3695,255,193,0.98,81
3696,255,285,0.9,81
3697,255,179,0.96,-1
3698,255,410,0.91,-1
3699,255,239,0.94,-1
3700,255,323,0.95,81
3701,255,413,0.98,-1
3702,255,438,0.97,81
3703,255,453,0.93,81
3704,255,507,0.97,81
3705,255,547,0.93,-1
3706,140,239,0.91,-1
3707,140,302,0.94,79
3708,140,350,0.93,-1
3709,140,354,0.92,-1
3710,140,483,0.91,-1
3711,140,545,0.94,79
3712,140,547,0.93,79
3713,265,211,0.91,79
3714,265,302,0.93,79
3715,265,491,0.94,-1
3716,265,545,0.94,79
3717,265,547,0.92,79
3718,141,554,0.95,-1
3719,141,530,0.91,-1
3720,141,195,0.92,-1
3721,141,291,0.95,-1
3722,141,226,0.97,-1
3723,141,299,0.9,-1
3724,141,441,0.96,-1
3725,141,461,0.9,-1
3726,141,478,0.95,-1
3727,141,496,0.95,-1
3728,374,153,0.97,12
3729,374,147,0.92,12
3730,374,519,0.96,12
3731,232,147,0.92,12
3732,153,519,0.95,12
3733,554,530,0.96,-1
3734,554,204,0.92,-1
3735,554,226,0.95,227
3736,554,441,0.94,227
3737,554,478,0.92,-1
3738,554,496,0.9,-1
3739,333,381,0.91,-1
3740,333,478,0.92,-1
3741,333,496,0.91,-1
3742,146,178,0.9,-1
3743,146,228,0.91,-1
3744,146,491,0.92,-1
3745,147,519,0.92,12
3746,530,195,0.94,-1
3747,530,291,0.93,-1
3748,530,215,0.93,208
3749,530,357,0.9,208
3750,530,226,0.96,-1
3751,530,441,0.96,-1
3752,530,442,0.94,-1
3753,530,531,0.91,-1
3754,204,195,0.92,-1
3755,204,291,0.92,-1
3756,204,215,0.96,208
3757,204,357,0.96,208
3758,204,306,0.96,208
3759,204,226,0.96,-1
3760,204,402,0.94,208
3761,204,352,0.9,-1
3762,204,441,0.96,-1
3763,204,461,0.93,-1
3764,448,512,0.92,-1
3765,448,357,0.92,-1
3766,448,306,0.9,-1
3767,448,256,0.91,-1
3768,448,420,0.95,217
3769,448,395,0.95,217
3770,448,260,0.94,-1
3771,448,277,0.91,-1
3772,448,286,0.94,-1
3773,448,352,0.93,-1
3774,448,398,0.93,-1
3775,448,461,0.93,-1
3776,154,178,0.97,63
3777,154,168,0.9,-1
3778,154,285,0.96,-1
3779,154,211,0.96,-1
3780,154,219,0.91,-1
3781,154,228,0.97,63
3782,154,323,0.9,-1
3783,154,439,0.91,-1
3784,154,491,0.91,63
3785,188,168,0.9,-1
3786,188,285,0.97,-1
3787,188,211,0.95,-1
3788,188,219,0.94,-1
3789,188,228,0.97,63
3790,188,376,0.91,-1
3791,188,528,0.91,-1
3792,188,389,0.93,-1
3793,188,484,0.9,-1
3794,188,439,0.94,-1
3795,188,485,0.97,-1
3796,188,491,0.91,63
3797,259,214,0.92,165
3798,259,383,0.94,-1
3799,259,394,0.97,165
3800,178,285,0.94,-1
3801,178,211,0.95,-1
3802,178,219,0.94,-1
3803,178,228,0.99,63
3804,178,376,0.93,-1
3805,178,528,0.92,-1
3806,178,389,0.91,-1
3807,178,439,0.92,-1
3808,178,485,0.95,-1
3809,178,491,0.94,63
3810,168,193,0.97,81
3811,168,285,0.97,81
3812,168,179,0.91,-1
3813,168,211,0.91,-1
3814,168,219,0.91,-1
3815,168,239,0.91,-1
3816,168,302,0.93,-1
3817,168,323,0.96,81
3818,168,389,0.91,-1
3819,168,484,0.9,-1
3820,168,413,0.91,-1
3821,168,428,0.92,-1
3822,168,434,0.96,81
3823,168,438,0.98,81
3824,168,439,0.93,-1
3825,168,453,0.96,81
3826,168,507,0.94,81
3827,168,524,0.94,-1
3828,168,545,0.94,-1
3829,168,547,0.97,-1
3830,176,285,0.94,81
3831,176,179,0.94,-1
3832,176,239,0.95,-1
3833,176,302,0.94,-1
3834,176,323,0.94,81
3835,176,413,0.95,-1
3836,176,428,0.93,-1
3837,176,434,0.99,81
3838,176,438,0.97,81
3839,176,453,0.96,81
3840,176,507,0.95,81
3841,176,524,0.9,-1
3842,176,540,0.9,-1
3843,176,545,0.93,-1
3844,176,547,0.97,-1
3845,193,285,0.93,81
3846,193,179,0.95,-1
3847,193,239,0.95,-1
3848,193,302,0.94,-1
3849,193,323,0.94,81
3850,193,413,0.94,-1
3851,193,428,0.92,-1
3852,193,434,0.98,81
3853,193,438,0.94,81
3854,193,453,0.96,81
3855,193,507,0.95,81
3856,193,545,0.91,-1
3857,193,547,0.97,-1
3858,285,211,0.94,-1
3859,285,219,0.93,-1
3860,285,228,0.91,-1
3861,285,323,0.95,81
3862,285,389,0.92,-1
3863,285,438,0.92,81
3864,285,439,0.94,-1
3865,285,453,0.94,81
3866,285,485,0.94,-1
3867,285,524,0.91,-1
3868,285,545,0.9,-1
3869,285,547,0.93,-1
3870,179,239,0.93,-1
3871,179,413,0.97,87
3872,179,434,0.97,-1
3873,179,507,0.96,-1
3874,180,323,0.93,-1
3875,180,507,0.93,-1
3876,410,323,0.94,-1
3877,410,413,0.91,-1
3878,410,507,0.93,-1
3879,195,215,0.94,-1
3880,195,357,0.92,-1
3881,195,226,0.95,-1
3882,195,299,0.98,211
3883,195,352,0.95,-1
3884,195,441,0.96,-1
3885,195,442,0.95,211
3886,195,531,0.96,211
3887,195,461,0.9,-1
3888,195,488,0.9,-1
3889,291,215,0.95,-1
3890,291,357,0.93,-1
3891,291,226,0.97,-1
3892,291,398,0.91,-1
3893,291,441,0.98,-1
3894,291,442,0.93,211
3895,291,531,0.94,211
3896,291,461,0.93,-1
3897,291,496,0.9,-1
3898,199,337,0.93,-1
3899,199,491,0.93,-1
3900,201,286,0.93,224
3901,201,381,0.95,224
3902,201,486,0.95,224
3903,201,398,0.94,-1
3904,201,461,0.92,-1
3905,201,496,0.94,-1
3906,201,541,0.93,224
3907,512,420,0.9,-1
3908,512,286,0.97,-1
3909,512,381,0.96,-1
3910,512,486,0.97,-1
3911,512,398,0.96,228
3912,512,461,0.94,228
3913,512,478,0.92,228
3914,512,496,0.96,228
3915,512,541,0.93,-1
3916,211,219,0.94,79
3917,211,228,0.95,-1
3918,211,389,0.91,-1
3919,211,439,0.9,-1
3920,211,453,0.91,-1
3921,211,485,0.91,-1
3922,211,491,0.93,-1
3923,211,545,0.94,79
3924,211,547,0.92,79
3925,214,297,0.98,165
3926,214,383,0.93,-1
3927,214,394,0.95,165
3928,214,325,0.9,-1
3929,215,306,0.97,208
3930,215,226,0.96,-1
3931,215,402,0.95,208
3932,215,299,0.91,-1
3933,215,352,0.95,-1
3934,215,398,0.9,-1
3935,215,441,0.97,-1
3936,215,461,0.97,-1
3937,215,496,0.9,-1
3938,357,226,0.93,-1
3939,357,402,0.97,208
3940,357,260,0.93,-1
3941,357,352,0.95,-1
3942,357,441,0.95,-1
3943,357,461,0.97,-1
3944,357,488,0.91,-1
3945,306,226,0.91,-1
3946,306,402,0.98,208
3947,306,260,0.93,-1
3948,306,352,0.93,-1
3949,306,441,0.93,-1
3950,306,461,0.96,-1
3951,219,228,0.91,-1
3952,219,389,0.93,-1
3953,219,484,0.93,-1
3954,219,439,0.93,-1
3955,219,524,0.91,-1
3956,219,545,0.94,79
3957,219,547,0.92,79
3958,226,299,0.91,-1
3959,226,352,0.93,-1
3960,226,398,0.9,-1
3961,226,461,0.95,-1
3962,226,478,0.93,-1
3963,226,496,0.95,-1
3964,228,376,0.93,-1
3965,228,528,0.92,-1
3966,228,485,0.96,-1
3967,228,491,0.94,63
3968,402,260,0.92,-1
3969,402,461,0.92,-1
3970,239,302,0.94,-1
3971,239,328,0.98,88
3972,239,330,0.96,-1
3973,239,350,0.96,-1
3974,239,354,0.98,-1
3975,239,413,0.91,-1
3976,239,434,0.96,-1
3977,239,453,0.9,-1
3978,239,483,0.92,-1
3979,239,523,0.97,-1
3980,239,540,0.91,-1
3981,239,545,0.9,-1
3982,239,547,0.94,-1
3983,252,262,0.9,-1
3984,252,358,0.92,-1
3985,252,518,0.92,-1
3986,420,277,0.91,-1
3987,420,286,0.91,-1
3988,395,286,0.93,-1
3989,395,492,0.9,-1
3990,277,286,0.91,-1
3991,278,518,0.9,-1
3992,301,518,0.91,-1
3993,543,531,0.92,-1
3994,543,488,0.94,-1
3995,286,381,0.94,224
3996,286,486,0.94,224
3997,286,398,0.96,-1
3998,286,461,0.92,-1
3999,286,496,0.91,-1
4000,286,541,0.93,224
4001,297,383,0.94,-1
4002,297,394,0.9,165
4003,299,352,0.95,-1
4004,299,441,0.93,-1
4005,299,442,0.91,211
4006,299,531,0.94,211
4007,302,330,0.9,-1
4008,302,350,0.9,-1
4009,302,354,0.91,-1
4010,302,434,0.91,-1
4011,302,453,0.92,-1
4012,302,545,0.96,79
4013,302,547,0.96,79
4014,308,509,0.92,262
4015,460,391,0.93,-1
4016,383,394,0.92,-1
4017,383,325,0.94,-1
4018,323,413,0.91,-1
4019,323,434,0.92,81
4020,323,438,0.93,81
4021,323,453,0.92,81
4022,323,507,0.96,81
4023,325,391,0.94,-1
4024,328,330,0.94,-1
4025,328,350,0.97,-1
4026,328,354,0.97,-1
4027,328,434,0.92,-1
4028,328,483,0.94,-1
4029,328,523,0.98,-1
4030,328,529,0.9,-1
4031,330,350,0.94,-1
4032,330,354,0.95,-1
4033,330,523,0.96,-1
4034,330,540,0.93,-1
4035,337,491,0.92,63
4036,350,354,0.99,92
4037,350,483,0.97,92
4038,350,523,0.97,92
4039,352,398,0.93,-1
4040,352,441,0.94,-1
4041,352,461,0.95,-1
4042,352,488,0.91,-1
4043,354,483,0.96,92
4044,354,523,0.97,92
4045,354,547,0.9,-1
4046,528,389,0.9,-1
4047,381,398,0.95,-1
4048,381,478,0.92,-1
4049,381,496,0.95,-1
4050,486,398,0.94,-1
4051,486,478,0.9,-1
4052,486,496,0.94,-1
4053,486,541,0.98,224
4054,389,438,0.93,-1
4055,389,545,0.91,-1
4056,484,438,0.92,-1
4057,484,439,0.97,80
4058,484,524,0.97,80
4059,484,545,0.92,-1
4060,398,461,0.94,228
4061,398,496,0.92,228
4062,398,541,0.91,-1
4063,413,428,0.94,-1
4064,413,434,0.96,-1
4065,413,438,0.91,-1
4066,413,507,0.97,-1
4067,428,434,0.92,-1
4068,428,438,0.93,-1
4069,428,507,0.94,-1
4070,434,438,0.96,81
4071,434,453,0.93,81
4072,434,507,0.95,81
4073,434,523,0.91,-1
4074,434,540,0.91,-1
4075,434,547,0.94,-1
4076,438,439,0.93,-1
4077,438,453,0.91,81
4078,438,507,0.91,81
4079,438,524,0.97,-1
4080,438,540,0.93,-1
4081,438,545,0.92,-1
4082,438,547,0.92,-1
4083,439,524,0.97,80
4084,441,442,0.92,-1
4085,441,531,0.92,-1
4086,441,461,0.96,-1
4087,441,496,0.92,-1
4088,453,507,0.9,81
4089,453,545,0.92,-1
4090,453,547,0.96,-1
4091,461,496,0.94,228
4092,478,496,0.98,228
4093,481,492,0.9,-1
4094,483,523,0.94,92
4095,483,529,0.91,92
4096,485,491,0.91,-1
4097,496,541,0.92,-1
4098,524,545,0.9,-1
4099,540,545,0.9,-1
4100,545,547,0.96,79
