Unnamed: 0,family,level,defined_year,median,count,count_by_year,range1_count,range2_count,range3_count
771,Alcidae,5,1985.0,55.91997,15642,1,0,15093,549
772,Alcidae,5,1989.0,51.18,15642,173,0,15093,549
773,Alcidae,5,1993.0,51.17833,15642,749,0,15093,549
774,Alcidae,5,1994.0,51.30667,15642,799,0,15093,549
775,Alcidae,5,1995.0,51.29333,15642,612,0,15093,549
776,Alcidae,5,1996.0,51.30833,15642,585,0,15093,549
777,Alcidae,5,1997.0,51.429855,15642,750,0,15093,549
778,Alcidae,5,1998.0,51.474,15642,825,0,15093,549
779,Alcidae,5,1999.0,53.750952,15642,2223,0,15093,549
780,Alcidae,5,2000.0,53.616425,15642,1828,0,15093,549
781,Alcidae,5,2001.0,51.50339,15642,2387,0,15093,549
782,Alcidae,5,2002.0,51.38584,15642,838,0,15093,549
783,Alcidae,5,2003.0,51.50992,15642,667,0,15093,549
784,Alcidae,5,2004.0,51.39653,15642,471,0,15093,549
785,Alcidae,5,2005.0,51.455905,15642,690,0,15093,549
786,Alcidae,5,2006.0,51.54971,15642,849,0,15093,549
787,Alcidae,5,2007.0,51.43954,15642,529,0,15093,549
788,Alcidae,5,2008.0,51.52034,15642,642,0,15093,549
789,Alcidae,5,2010.0,54.30710308724504,15642,7,0,15093,549
790,Alcidae,5,2012.0,58.897195,15642,2,0,15093,549
791,Alcidae,5,2015.0,58.389215,15642,2,0,15093,549
792,Alcidae,5,2019.0,58.52362,15642,13,0,15093,549
3215,Belonidae,5,1970.0,51.843335675000006,969,28,21,931,17
3216,Belonidae,5,1971.0,42.72938396,969,5,21,931,17
3217,Belonidae,5,1972.0,42.72938396,969,5,21,931,17
3218,Belonidae,5,1973.0,42.72938396,969,5,21,931,17
3219,Belonidae,5,1975.0,42.72938396,969,5,21,931,17
3220,Belonidae,5,1976.0,42.72938396,969,5,21,931,17
3221,Belonidae,5,1977.0,42.72938396,969,6,21,931,17
3222,Belonidae,5,1978.0,42.72938396,969,4,21,931,17
3223,Belonidae,5,1979.0,42.72938396,969,7,21,931,17
3224,Belonidae,5,1980.0,42.72938396,969,5,21,931,17
3225,Belonidae,5,1981.0,50.05345,969,9,21,931,17
3226,Belonidae,5,1982.0,42.72938396,969,5,21,931,17
3227,Belonidae,5,1983.0,42.72938396,969,7,21,931,17
3228,Belonidae,5,1984.0,42.72938396,969,5,21,931,17
3229,Belonidae,5,1985.0,42.72938396,969,5,21,931,17
3230,Belonidae,5,1986.0,42.72938396,969,5,21,931,17
3231,Belonidae,5,1987.0,42.72938396,969,8,21,931,17
3232,Belonidae,5,1988.0,42.72938396,969,6,21,931,17
3233,Belonidae,5,1989.0,42.72938396,969,8,21,931,17
3234,Belonidae,5,1990.0,52.6666,969,25,21,931,17
3235,Belonidae,5,1991.0,51.9183,969,15,21,931,17
3236,Belonidae,5,1992.0,53.12698,969,17,21,931,17
3237,Belonidae,5,1993.0,53.80915,969,50,21,931,17
3238,Belonidae,5,1994.0,53.7575,969,22,21,931,17
3239,Belonidae,5,1995.0,53.2308,969,28,21,931,17
3240,Belonidae,5,1996.0,53.7583,969,22,21,931,17
3241,Belonidae,5,1997.0,51.7666,969,14,21,931,17
3242,Belonidae,5,1998.0,51.936040000000006,969,16,21,931,17
3243,Belonidae,5,1999.0,52.55,969,33,21,931,17
3244,Belonidae,5,2000.0,42.72938396,969,5,21,931,17
3245,Belonidae,5,2001.0,53.8167,969,22,21,931,17
3246,Belonidae,5,2002.0,40.776667,969,43,21,931,17
3247,Belonidae,5,2003.0,43.0403,969,52,21,931,17
3248,Belonidae,5,2004.0,51.8897,969,21,21,931,17
3249,Belonidae,5,2005.0,43.0403,969,171,21,931,17
3250,Belonidae,5,2006.0,52.07435,969,22,21,931,17
3251,Belonidae,5,2007.0,43.0403,969,95,21,931,17
3252,Belonidae,5,2008.0,52.7069,969,27,21,931,17
3253,Belonidae,5,2009.0,51.7425,969,10,21,931,17
3254,Belonidae,5,2010.0,53.9173,969,62,21,931,17
3255,Belonidae,5,2011.0,51.8581,969,39,21,931,17
3256,Belonidae,5,2012.0,34.56524,969,6,21,931,17
3257,Belonidae,5,2013.0,9.70031,969,4,21,931,17
3258,Belonidae,5,2014.0,25.0708,969,13,21,931,17
3259,Belonidae,5,2016.0,50.927285332333,969,2,21,931,17
5682,Centrophoridae,5,1973.0,52.583,668,1,0,668,0
5683,Centrophoridae,5,1978.0,49.94,668,3,0,668,0
5684,Centrophoridae,5,1983.0,56.4275,668,4,0,668,0
5685,Centrophoridae,5,1985.0,54.74,668,1,0,668,0
5686,Centrophoridae,5,1990.0,36.325,668,2,0,668,0
5687,Centrophoridae,5,1995.0,37.99164903,668,21,0,668,0
5688,Centrophoridae,5,1997.0,38.20098727,668,13,0,668,0
5689,Centrophoridae,5,1998.0,36.36,668,1,0,668,0
5690,Centrophoridae,5,1999.0,38.50482263,668,30,0,668,0
5691,Centrophoridae,5,2000.0,38.23025099,668,30,0,668,0
5692,Centrophoridae,5,2001.0,37.99356727,668,16,0,668,0
5693,Centrophoridae,5,2002.0,38.23336917,668,31,0,668,0
5694,Centrophoridae,5,2003.0,38.58062772,668,39,0,668,0
5695,Centrophoridae,5,2004.0,39.12965548,668,77,0,668,0
5696,Centrophoridae,5,2005.0,38.49047714,668,58,0,668,0
5697,Centrophoridae,5,2006.0,39.6038,668,5,0,668,0
5698,Centrophoridae,5,2007.0,39.11279261,668,57,0,668,0
5699,Centrophoridae,5,2008.0,38.192242655,668,40,0,668,0
5700,Centrophoridae,5,2009.0,43.9887,668,39,0,668,0
5701,Centrophoridae,5,2010.0,38.22914907,668,65,0,668,0
5702,Centrophoridae,5,2011.0,38.36845338,668,49,0,668,0
5703,Centrophoridae,5,2012.0,38.50878799,668,48,0,668,0
5704,Centrophoridae,5,2013.0,38.378748745,668,38,0,668,0
6397,Chimaeridae,5,1975.0,57.8167,2442,2,0,2322,120
6398,Chimaeridae,5,1976.0,57.8833,2442,15,0,2322,120
6399,Chimaeridae,5,1979.0,58.5333,2442,5,0,2322,120
6400,Chimaeridae,5,1983.0,56.59,2442,1,0,2322,120
6401,Chimaeridae,5,1984.0,58.3,2442,2,0,2322,120
6402,Chimaeridae,5,1985.0,58.4833,2442,9,0,2322,120
6403,Chimaeridae,5,1986.0,58.1333,2442,26,0,2322,120
6404,Chimaeridae,5,1987.0,58.0667,2442,30,0,2322,120
6405,Chimaeridae,5,1988.0,57.7333,2442,1,0,2322,120
6406,Chimaeridae,5,1989.0,58.35,2442,1,0,2322,120
6407,Chimaeridae,5,1991.0,58.0667,2442,23,0,2322,120
6408,Chimaeridae,5,1992.0,61.75,2442,88,0,2322,120
6409,Chimaeridae,5,1993.0,58.0917,2442,4,0,2322,120
6410,Chimaeridae,5,1994.0,58.1,2442,23,0,2322,120
6411,Chimaeridae,5,1995.0,58.0833,2442,63,0,2322,120
6412,Chimaeridae,5,1996.0,57.7667,2442,31,0,2322,120
6413,Chimaeridae,5,1997.0,46.2517,2442,64,0,2322,120
6414,Chimaeridae,5,1998.0,45.2262,2442,21,0,2322,120
6415,Chimaeridae,5,1999.0,46.6422,2442,103,0,2322,120
6416,Chimaeridae,5,2000.0,56.1333,2442,144,0,2322,120
6417,Chimaeridae,5,2001.0,55.1365,2442,171,0,2322,120
6418,Chimaeridae,5,2002.0,47.503,2442,191,0,2322,120
6419,Chimaeridae,5,2003.0,55.179,2442,155,0,2322,120
6420,Chimaeridae,5,2004.0,47.5004,2442,166,0,2322,120
6421,Chimaeridae,5,2005.0,48.1193,2442,133,0,2322,120
6422,Chimaeridae,5,2006.0,48.1254,2442,132,0,2322,120
6423,Chimaeridae,5,2007.0,48.311,2442,183,0,2322,120
6424,Chimaeridae,5,2008.0,46.6003,2442,126,0,2322,120
6425,Chimaeridae,5,2009.0,48.1055,2442,99,0,2322,120
6426,Chimaeridae,5,2010.0,47.5018,2442,89,0,2322,120
6427,Chimaeridae,5,2011.0,57.3528,2442,339,0,2322,120
6428,Chimaeridae,5,2012.0,38.68312967,2442,1,0,2322,120
6429,Chimaeridae,5,2013.0,48.8866,2442,1,0,2322,120
7844,Congridae,5,1970.0,33.933333333,5784,3,59,5708,17
7845,Congridae,5,1971.0,34.1,5784,3,59,5708,17
7846,Congridae,5,1973.0,34.1,5784,12,59,5708,17
7847,Congridae,5,1974.0,59.4333,5784,1,59,5708,17
7848,Congridae,5,1976.0,59.7333,5784,2,59,5708,17
7849,Congridae,5,1977.0,50.5833,5784,13,59,5708,17
7850,Congridae,5,1978.0,50.55675,5784,3,59,5708,17
7851,Congridae,5,1979.0,50.1952905,5784,4,59,5708,17
7852,Congridae,5,1980.0,52.393115,5784,6,59,5708,17
7853,Congridae,5,1981.0,50.0822,5784,6,59,5708,17
7854,Congridae,5,1982.0,53.812035,5784,10,59,5708,17
7855,Congridae,5,1983.0,52.85366,5784,8,59,5708,17
7856,Congridae,5,1984.0,54.2448,5784,10,59,5708,17
7857,Congridae,5,1985.0,56.9167,5784,20,59,5708,17
7858,Congridae,5,1986.0,57.4672,5784,5,59,5708,17
7859,Congridae,5,1987.0,58.8167,5784,3,59,5708,17
7860,Congridae,5,1988.0,51.07348,5784,13,59,5708,17
7861,Congridae,5,1989.0,56.6167,5784,13,59,5708,17
7862,Congridae,5,1990.0,54.73779,5784,7,59,5708,17
7863,Congridae,5,1991.0,53.75,5784,8,59,5708,17
7864,Congridae,5,1992.0,56.025,5784,6,59,5708,17
7865,Congridae,5,1993.0,54.09335,5784,22,59,5708,17
7866,Congridae,5,1994.0,41.48,5784,69,59,5708,17
7867,Congridae,5,1995.0,39.1,5784,68,59,5708,17
7868,Congridae,5,1996.0,39.210581195,5784,118,59,5708,17
7869,Congridae,5,1997.0,43.88,5784,175,59,5708,17
7870,Congridae,5,1998.0,48.0015,5784,147,59,5708,17
7871,Congridae,5,1999.0,45.9084,5784,191,59,5708,17
7872,Congridae,5,2000.0,46.4645,5784,264,59,5708,17
7873,Congridae,5,2001.0,46.1948,5784,331,59,5708,17
7874,Congridae,5,2002.0,46.6196,5784,359,59,5708,17
7875,Congridae,5,2003.0,48.1636,5784,410,59,5708,17
7876,Congridae,5,2004.0,47.5004,5784,443,59,5708,17
7877,Congridae,5,2005.0,47.99505,5784,458,59,5708,17
7878,Congridae,5,2006.0,49.5747,5784,386,59,5708,17
7879,Congridae,5,2007.0,47.483,5784,373,59,5708,17
7880,Congridae,5,2008.0,47.0902,5784,468,59,5708,17
7881,Congridae,5,2009.0,47.0705,5784,369,59,5708,17
7882,Congridae,5,2010.0,47.4102,5784,248,59,5708,17
7883,Congridae,5,2011.0,50.51452,5784,160,59,5708,17
7884,Congridae,5,2012.0,49.15666,5784,121,59,5708,17
7885,Congridae,5,2013.0,49.212095,5784,106,59,5708,17
7886,Congridae,5,2014.0,50.467475,5784,66,59,5708,17
7887,Congridae,5,2015.0,50.659595,5784,64,59,5708,17
7888,Congridae,5,2016.0,50.65753,5784,43,59,5708,17
7889,Congridae,5,2017.0,50.592,5784,37,59,5708,17
7890,Congridae,5,2018.0,50.612335,5784,60,59,5708,17
7891,Congridae,5,2019.0,50.67657,5784,72,59,5708,17
8209,Coryphaenidae,5,1970.0,33.933333333,356,3,1,355,0
8210,Coryphaenidae,5,1971.0,34.1,356,3,1,355,0
8211,Coryphaenidae,5,1973.0,34.1,356,12,1,355,0
8212,Coryphaenidae,5,1981.0,39.8034,356,3,1,355,0
8213,Coryphaenidae,5,1989.0,39.5194,356,1,1,355,0
8214,Coryphaenidae,5,1993.0,39.3264,356,8,1,355,0
8215,Coryphaenidae,5,1996.0,39.615,356,19,1,355,0
8216,Coryphaenidae,5,1998.0,34.55,356,3,1,355,0
8217,Coryphaenidae,5,2001.0,38.0035,356,13,1,355,0
8218,Coryphaenidae,5,2003.0,38.18599167,356,6,1,355,0
8219,Coryphaenidae,5,2004.0,38.673466665,356,16,1,355,0
8220,Coryphaenidae,5,2005.0,32.030075,356,24,1,355,0
8221,Coryphaenidae,5,2006.0,38.00418333,356,5,1,355,0
8222,Coryphaenidae,5,2007.0,38.15385,356,15,1,355,0
8223,Coryphaenidae,5,2008.0,37.431966665,356,40,1,355,0
8224,Coryphaenidae,5,2009.0,37.030208335,356,6,1,355,0
8225,Coryphaenidae,5,2010.0,37.02233333,356,139,1,355,0
8226,Coryphaenidae,5,2011.0,37.75844167,356,18,1,355,0
8227,Coryphaenidae,5,2012.0,37.92065,356,18,1,355,0
8228,Coryphaenidae,5,2013.0,37.1521,356,4,1,355,0
9156,Dasyatidae,5,1970.0,11.8000001907349,749,3,266,483,0
9157,Dasyatidae,5,1978.0,52.17825640091544,749,2,266,483,0
9158,Dasyatidae,5,1987.0,11.75,749,4,266,483,0
9159,Dasyatidae,5,1989.0,19.3847,749,3,266,483,0
9160,Dasyatidae,5,1990.0,19.3855,749,1,266,483,0
9161,Dasyatidae,5,1991.0,59.1,749,1,266,483,0
9162,Dasyatidae,5,1992.0,11.5,749,1,266,483,0
9163,Dasyatidae,5,1993.0,38.525,749,1,266,483,0
9164,Dasyatidae,5,1995.0,11.5,749,4,266,483,0
9165,Dasyatidae,5,1996.0,11.5,749,6,266,483,0
9166,Dasyatidae,5,1997.0,11.1999998092651,749,8,266,483,0
9167,Dasyatidae,5,1998.0,11.22499990463255,749,8,266,483,0
9168,Dasyatidae,5,1999.0,38.60861287,749,5,266,483,0
9169,Dasyatidae,5,2000.0,33.34799491,749,6,266,483,0
9170,Dasyatidae,5,2001.0,39.4713,749,9,266,483,0
9171,Dasyatidae,5,2002.0,38.459032815,749,4,266,483,0
9172,Dasyatidae,5,2003.0,39.7845,749,61,266,483,0
9173,Dasyatidae,5,2004.0,39.1649,749,48,266,483,0
9174,Dasyatidae,5,2005.0,27.2256,749,17,266,483,0
9175,Dasyatidae,5,2006.0,44.618556,749,38,266,483,0
9176,Dasyatidae,5,2007.0,44.618556,749,34,266,483,0
9177,Dasyatidae,5,2008.0,44.828556,749,33,266,483,0
9178,Dasyatidae,5,2009.0,44.492556,749,33,266,483,0
9179,Dasyatidae,5,2010.0,44.576556,749,50,266,483,0
9180,Dasyatidae,5,2011.0,33.8906,749,85,266,483,0
9181,Dasyatidae,5,2012.0,31.219,749,108,266,483,0
9182,Dasyatidae,5,2013.0,27.165750000000003,749,82,266,483,0
9183,Dasyatidae,5,2014.0,21.6482,749,45,266,483,0
9184,Dasyatidae,5,2015.0,44.576556,749,29,266,483,0
9185,Dasyatidae,5,2016.0,43.862556,749,8,266,483,0
9186,Dasyatidae,5,2017.0,44.702556,749,12,266,483,0
9235,Delphinidae,5,1970.0,15.0,2559,10,44,2508,7
9236,Delphinidae,5,1971.0,31.0,2559,18,44,2508,7
9237,Delphinidae,5,1972.0,62.0,2559,1,44,2508,7
9238,Delphinidae,5,1973.0,64.0,2559,2,44,2508,7
9239,Delphinidae,5,1975.0,54.10941624200108,2559,2,44,2508,7
9240,Delphinidae,5,1976.0,54.07497541858677,2559,1,44,2508,7
9241,Delphinidae,5,1978.0,54.83763575895683,2559,1,44,2508,7
9242,Delphinidae,5,1980.0,54.95134677394838,2559,2,44,2508,7
9243,Delphinidae,5,1981.0,54.08803726317368,2559,2,44,2508,7
9244,Delphinidae,5,1982.0,54.075277107586274,2559,1,44,2508,7
9245,Delphinidae,5,1983.0,54.05670362760533,2559,4,44,2508,7
9246,Delphinidae,5,1985.0,54.04360286361562,2559,3,44,2508,7
9247,Delphinidae,5,1986.0,53.79281509255091,2559,1,44,2508,7
9248,Delphinidae,5,1988.0,53.46939061439693,2559,3,44,2508,7
9249,Delphinidae,5,1989.0,49.31305589246553,2559,10,44,2508,7
9250,Delphinidae,5,1990.0,45.255,2559,31,44,2508,7
9251,Delphinidae,5,1991.0,53.359024952753295,2559,9,44,2508,7
9252,Delphinidae,5,1992.0,54.03873034270317,2559,8,44,2508,7
9253,Delphinidae,5,1993.0,45.275,2559,6,44,2508,7
9254,Delphinidae,5,1994.0,45.113,2559,9,44,2508,7
9255,Delphinidae,5,1995.0,45.257,2559,13,44,2508,7
9256,Delphinidae,5,1996.0,50.18789328144726,2559,2,44,2508,7
9257,Delphinidae,5,1997.0,45.2175,2559,10,44,2508,7
9258,Delphinidae,5,1998.0,38.25,2559,281,44,2508,7
9259,Delphinidae,5,1999.0,37.75,2559,204,44,2508,7
9260,Delphinidae,5,2000.0,38.56666667,2559,171,44,2508,7
9261,Delphinidae,5,2001.0,38.406,2559,87,44,2508,7
9262,Delphinidae,5,2002.0,45.179,2559,95,44,2508,7
9263,Delphinidae,5,2003.0,51.75264,2559,104,44,2508,7
9264,Delphinidae,5,2004.0,38.8015,2559,229,44,2508,7
9265,Delphinidae,5,2005.0,38.48833333,2559,187,44,2508,7
9266,Delphinidae,5,2006.0,38.629241665,2559,94,44,2508,7
9267,Delphinidae,5,2007.0,38.449166665,2559,152,44,2508,7
9268,Delphinidae,5,2008.0,38.44103333,2559,91,44,2508,7
9269,Delphinidae,5,2009.0,38.25266667,2559,136,44,2508,7
9270,Delphinidae,5,2010.0,37.79383333,2559,123,44,2508,7
9271,Delphinidae,5,2011.0,38.49345,2559,147,44,2508,7
9272,Delphinidae,5,2012.0,38.52936667,2559,197,44,2508,7
9273,Delphinidae,5,2013.0,38.224541665,2559,110,44,2508,7
9274,Delphinidae,5,2014.0,26.48685,2559,2,44,2508,7
10867,Eledonidae,5,1970.0,42.72938396,4378,5,0,4335,43
10868,Eledonidae,5,1971.0,42.72938396,4378,5,0,4335,43
10869,Eledonidae,5,1972.0,42.72938396,4378,5,0,4335,43
10870,Eledonidae,5,1973.0,42.72938396,4378,5,0,4335,43
10871,Eledonidae,5,1975.0,42.72938396,4378,4,0,4335,43
10872,Eledonidae,5,1976.0,42.72938396,4378,6,0,4335,43
10873,Eledonidae,5,1977.0,42.72938396,4378,5,0,4335,43
10874,Eledonidae,5,1978.0,42.72938396,4378,6,0,4335,43
10875,Eledonidae,5,1979.0,42.72938396,4378,9,0,4335,43
10876,Eledonidae,5,1980.0,42.72938396,4378,6,0,4335,43
10877,Eledonidae,5,1981.0,42.72938396,4378,10,0,4335,43
10878,Eledonidae,5,1982.0,51.72419267398617,4378,15,0,4335,43
10879,Eledonidae,5,1983.0,52.85136,4378,21,0,4335,43
10880,Eledonidae,5,1984.0,42.72938396,4378,11,0,4335,43
10881,Eledonidae,5,1985.0,54.32879,4378,14,0,4335,43
10882,Eledonidae,5,1986.0,42.72938396,4378,10,0,4335,43
10883,Eledonidae,5,1987.0,56.67,4378,19,0,4335,43
10884,Eledonidae,5,1988.0,57.34579,4378,19,0,4335,43
10885,Eledonidae,5,1989.0,56.33734,4378,27,0,4335,43
10886,Eledonidae,5,1990.0,51.74061,4378,17,0,4335,43
10887,Eledonidae,5,1991.0,42.72938396,4378,7,0,4335,43
10888,Eledonidae,5,1992.0,53.98385,4378,45,0,4335,43
10889,Eledonidae,5,1993.0,53.98385,4378,66,0,4335,43
10890,Eledonidae,5,1994.0,42.72938396,4378,94,0,4335,43
10891,Eledonidae,5,1995.0,40.13,4378,108,0,4335,43
10892,Eledonidae,5,1996.0,41.415,4378,116,0,4335,43
10893,Eledonidae,5,1997.0,39.96,4378,82,0,4335,43
10894,Eledonidae,5,1998.0,40.1,4378,114,0,4335,43
10895,Eledonidae,5,1999.0,41.17,4378,105,0,4335,43
10896,Eledonidae,5,2000.0,41.08,4378,91,0,4335,43
10897,Eledonidae,5,2001.0,39.8105,4378,131,0,4335,43
10898,Eledonidae,5,2002.0,40.1032,4378,197,0,4335,43
10899,Eledonidae,5,2003.0,41.06,4378,237,0,4335,43
10900,Eledonidae,5,2004.0,39.412,4378,257,0,4335,43
10901,Eledonidae,5,2005.0,39.428650000000005,4378,244,0,4335,43
10902,Eledonidae,5,2006.0,39.5221,4378,218,0,4335,43
10903,Eledonidae,5,2007.0,39.56,4378,183,0,4335,43
10904,Eledonidae,5,2008.0,39.5825,4378,190,0,4335,43
10905,Eledonidae,5,2009.0,39.85,4378,255,0,4335,43
10906,Eledonidae,5,2010.0,52.02,4378,198,0,4335,43
10907,Eledonidae,5,2011.0,51.9185,4378,143,0,4335,43
10908,Eledonidae,5,2012.0,51.502,4378,131,0,4335,43
10909,Eledonidae,5,2013.0,51.6255,4378,110,0,4335,43
10910,Eledonidae,5,2014.0,51.61027,4378,115,0,4335,43
10911,Eledonidae,5,2015.0,51.48125,4378,86,0,4335,43
10912,Eledonidae,5,2016.0,51.816500000000005,4378,146,0,4335,43
10913,Eledonidae,5,2017.0,51.4915,4378,139,0,4335,43
10914,Eledonidae,5,2018.0,52.0105,4378,136,0,4335,43
10915,Eledonidae,5,2019.0,51.69445,4378,134,0,4335,43
10916,Eledonidae,5,2020.0,51.3625,4378,81,0,4335,43
11539,Etmopteridae,5,1972.0,57.35,2450,2,2,2448,0
11540,Etmopteridae,5,1973.0,58.2167,2450,1,2,2448,0
11541,Etmopteridae,5,1974.0,58.85,2450,2,2,2448,0
11542,Etmopteridae,5,1976.0,58.0833,2450,10,2,2448,0
11543,Etmopteridae,5,1977.0,58.1,2450,2,2,2448,0
11544,Etmopteridae,5,1979.0,58.0167,2450,2,2,2448,0
11545,Etmopteridae,5,1981.0,45.207,2450,3,2,2448,0
11546,Etmopteridae,5,1983.0,54.651,2450,2,2,2448,0
11547,Etmopteridae,5,1984.0,58.125,2450,2,2,2448,0
11548,Etmopteridae,5,1985.0,58.4833,2450,4,2,2448,0
11549,Etmopteridae,5,1986.0,58.0667,2450,1,2,2448,0
11550,Etmopteridae,5,1987.0,58.0833,2450,1,2,2448,0
11551,Etmopteridae,5,1989.0,58.0667,2450,3,2,2448,0
11552,Etmopteridae,5,1992.0,58.7,2450,12,2,2448,0
11553,Etmopteridae,5,1993.0,36.56,2450,21,2,2448,0
11554,Etmopteridae,5,1995.0,37.985,2450,26,2,2448,0
11555,Etmopteridae,5,1996.0,37.99164903,2450,45,2,2448,0
11556,Etmopteridae,5,1997.0,37.94955153,2450,48,2,2448,0
11557,Etmopteridae,5,1998.0,38.36,2450,31,2,2448,0
11558,Etmopteridae,5,1999.0,38.99638503,2450,140,2,2448,0
11559,Etmopteridae,5,2000.0,38.18516209,2450,76,2,2448,0
11560,Etmopteridae,5,2001.0,39.8242,2450,185,2,2448,0
11561,Etmopteridae,5,2002.0,39.775,2450,141,2,2448,0
11562,Etmopteridae,5,2003.0,40.095,2450,154,2,2448,0
11563,Etmopteridae,5,2004.0,43.9533,2450,226,2,2448,0
11564,Etmopteridae,5,2005.0,39.77385,2450,154,2,2448,0
11565,Etmopteridae,5,2006.0,47.3625,2450,128,2,2448,0
11566,Etmopteridae,5,2007.0,43.9733,2450,239,2,2448,0
11567,Etmopteridae,5,2008.0,41.185,2450,152,2,2448,0
11568,Etmopteridae,5,2009.0,46.6055,2450,162,2,2448,0
11569,Etmopteridae,5,2010.0,46.6217,2450,179,2,2448,0
11570,Etmopteridae,5,2011.0,56.2548,2450,205,2,2448,0
11571,Etmopteridae,5,2012.0,38.218438935,2450,50,2,2448,0
11572,Etmopteridae,5,2013.0,38.23572583,2450,40,2,2448,0
11573,Etmopteridae,5,2014.0,17.9271,2450,1,2,2448,0
16363,Laridae,5,1991.0,74.0,85024,14,25,84019,980
16364,Laridae,5,1992.0,51.25,85024,1116,25,84019,980
16365,Laridae,5,1993.0,51.24833,85024,2713,25,84019,980
16366,Laridae,5,1994.0,51.31,85024,2066,25,84019,980
16367,Laridae,5,1995.0,51.33,85024,2215,25,84019,980
16368,Laridae,5,1996.0,51.31833,85024,2385,25,84019,980
16369,Laridae,5,1997.0,51.33858,85024,3565,25,84019,980
16370,Laridae,5,1998.0,51.327110000000005,85024,4146,25,84019,980
16371,Laridae,5,1999.0,51.33483,85024,6746,25,84019,980
16372,Laridae,5,2000.0,51.36339,85024,7688,25,84019,980
16373,Laridae,5,2001.0,51.34104,85024,6947,25,84019,980
16374,Laridae,5,2002.0,51.32346,85024,4215,25,84019,980
16375,Laridae,5,2003.0,51.36067,85024,3572,25,84019,980
16376,Laridae,5,2004.0,51.265455,85024,5198,25,84019,980
16377,Laridae,5,2005.0,51.717636,85024,9625,25,84019,980
16378,Laridae,5,2006.0,51.756509,85024,9426,25,84019,980
16379,Laridae,5,2007.0,51.25374,85024,4348,25,84019,980
16380,Laridae,5,2008.0,51.31899,85024,5473,25,84019,980
16381,Laridae,5,2009.0,37.49585,85024,568,25,84019,980
16382,Laridae,5,2010.0,37.855841665,85024,1226,25,84019,980
16383,Laridae,5,2011.0,38.48126667,85024,767,25,84019,980
16384,Laridae,5,2012.0,38.645141665,85024,590,25,84019,980
16385,Laridae,5,2013.0,38.35566667,85024,403,25,84019,980
16386,Laridae,5,2014.0,54.66015,85024,2,25,84019,980
16387,Laridae,5,2017.0,54.03692,85024,6,25,84019,980
16388,Laridae,5,2019.0,58.53372,85024,4,25,84019,980
19801,Muraenidae,5,1970.0,33.916666667,1259,7,491,768,0
19802,Muraenidae,5,1971.0,34.1,1259,6,491,768,0
19803,Muraenidae,5,1973.0,34.1,1259,24,491,768,0
19804,Muraenidae,5,1979.0,38.565,1259,2,491,768,0
19805,Muraenidae,5,1986.0,38.8783,1259,1,491,768,0
19806,Muraenidae,5,1988.0,11.75,1259,2,491,768,0
19807,Muraenidae,5,1989.0,38.517,1259,3,491,768,0
19808,Muraenidae,5,1990.0,19.6851,1259,3,491,768,0
19809,Muraenidae,5,1991.0,49.75,1259,1,491,768,0
19810,Muraenidae,5,1992.0,11.5,1259,1,491,768,0
19811,Muraenidae,5,1993.0,39.1649,1259,1,491,768,0
19812,Muraenidae,5,1994.0,34.416666667,1259,7,491,768,0
19813,Muraenidae,5,1996.0,39.13116239,1259,23,491,768,0
19814,Muraenidae,5,1997.0,37.95392923,1259,18,491,768,0
19815,Muraenidae,5,1998.0,39.1649,1259,26,491,768,0
19816,Muraenidae,5,1999.0,38.40338234,1259,15,491,768,0
19817,Muraenidae,5,2000.0,39.1649,1259,51,491,768,0
19818,Muraenidae,5,2001.0,38.10830337,1259,12,491,768,0
19819,Muraenidae,5,2002.0,38.668701275,1259,14,491,768,0
19820,Muraenidae,5,2003.0,39.6975,1259,113,491,768,0
19821,Muraenidae,5,2004.0,39.1649,1259,96,491,768,0
19822,Muraenidae,5,2005.0,38.23833673,1259,65,491,768,0
19823,Muraenidae,5,2006.0,39.3343,1259,23,491,768,0
19824,Muraenidae,5,2007.0,37.80316631,1259,39,491,768,0
19825,Muraenidae,5,2008.0,39.7882,1259,104,491,768,0
19826,Muraenidae,5,2009.0,39.795,1259,85,491,768,0
19827,Muraenidae,5,2010.0,27.8655,1259,36,491,768,0
19828,Muraenidae,5,2011.0,20.54195,1259,80,491,768,0
19829,Muraenidae,5,2012.0,20.5047,1259,160,491,768,0
19830,Muraenidae,5,2013.0,24.477,1259,138,491,768,0
19831,Muraenidae,5,2014.0,20.656,1259,103,491,768,0
19970,Myliobatidae,5,1970.0,11.8000001907349,637,1,167,470,0
19971,Myliobatidae,5,1979.0,12.0,637,2,167,470,0
19972,Myliobatidae,5,1989.0,19.3858,637,1,167,470,0
19973,Myliobatidae,5,1994.0,11.22499990463255,637,2,167,470,0
19974,Myliobatidae,5,1998.0,18.0218,637,1,167,470,0
19975,Myliobatidae,5,1999.0,49.7668878333335,637,2,167,470,0
19976,Myliobatidae,5,2000.0,26.95926,637,2,167,470,0
19977,Myliobatidae,5,2001.0,44.5567,637,11,167,470,0
19978,Myliobatidae,5,2002.0,39.6141,637,2,167,470,0
19979,Myliobatidae,5,2003.0,39.7794,637,27,167,470,0
19980,Myliobatidae,5,2004.0,39.1649,637,51,167,470,0
19981,Myliobatidae,5,2005.0,39.29755,637,28,167,470,0
19982,Myliobatidae,5,2006.0,45.164556,637,39,167,470,0
19983,Myliobatidae,5,2007.0,44.576556,637,23,167,470,0
19984,Myliobatidae,5,2008.0,45.080556,637,43,167,470,0
19985,Myliobatidae,5,2009.0,39.7977,637,27,167,470,0
19986,Myliobatidae,5,2010.0,45.164556,637,43,167,470,0
19987,Myliobatidae,5,2011.0,44.576556,637,84,167,470,0
19988,Myliobatidae,5,2012.0,44.492556,637,98,167,470,0
19989,Myliobatidae,5,2013.0,40.2178,637,76,167,470,0
19990,Myliobatidae,5,2014.0,12.47965,637,38,167,470,0
19991,Myliobatidae,5,2015.0,45.248556,637,26,167,470,0
19992,Myliobatidae,5,2016.0,45.248556,637,4,167,470,0
19993,Myliobatidae,5,2017.0,45.290556,637,6,167,470,0
20096,Myxinidae,5,1972.0,57.75,5466,4,0,5463,3
20097,Myxinidae,5,1973.0,56.6333,5466,4,0,5463,3
20098,Myxinidae,5,1975.0,57.9667,5466,9,0,5463,3
20099,Myxinidae,5,1977.0,55.0333,5466,8,0,5463,3
20100,Myxinidae,5,1978.0,58.1,5466,1,0,5463,3
20101,Myxinidae,5,1979.0,57.69165,5466,8,0,5463,3
20102,Myxinidae,5,1981.0,57.86665,5466,6,0,5463,3
20103,Myxinidae,5,1982.0,57.7333,5466,3,0,5463,3
20104,Myxinidae,5,1984.0,57.191667,5466,3,0,5463,3
20105,Myxinidae,5,1986.0,58.2517,5466,9,0,5463,3
20106,Myxinidae,5,1987.0,57.1092,5466,10,0,5463,3
20107,Myxinidae,5,1988.0,57.55,5466,1,0,5463,3
20108,Myxinidae,5,1990.0,58.05,5466,237,0,5463,3
20109,Myxinidae,5,1992.0,57.8667,5466,107,0,5463,3
20110,Myxinidae,5,1993.0,58.05835,5466,140,0,5463,3
20111,Myxinidae,5,1994.0,58.0333,5466,185,0,5463,3
20112,Myxinidae,5,1995.0,58.0167,5466,385,0,5463,3
20113,Myxinidae,5,1996.0,58.0667,5466,166,0,5463,3
20114,Myxinidae,5,1997.0,58.0333,5466,228,0,5463,3
20115,Myxinidae,5,1998.0,58.0667,5466,265,0,5463,3
20116,Myxinidae,5,1999.0,58.0833,5466,344,0,5463,3
20117,Myxinidae,5,2000.0,58.0833,5466,228,0,5463,3
20118,Myxinidae,5,2001.0,58.0167,5466,405,0,5463,3
20119,Myxinidae,5,2002.0,58.0167,5466,320,0,5463,3
20120,Myxinidae,5,2003.0,58.0218,5466,314,0,5463,3
20121,Myxinidae,5,2004.0,58.0662,5466,266,0,5463,3
20122,Myxinidae,5,2005.0,58.0517,5466,273,0,5463,3
20123,Myxinidae,5,2006.0,57.9887,5466,342,0,5463,3
20124,Myxinidae,5,2007.0,58.0223,5466,365,0,5463,3
20125,Myxinidae,5,2008.0,58.0732,5466,307,0,5463,3
20126,Myxinidae,5,2009.0,57.9939,5466,193,0,5463,3
20127,Myxinidae,5,2010.0,58.1047,5466,158,0,5463,3
20128,Myxinidae,5,2011.0,58.0942,5466,160,0,5463,3
20129,Myxinidae,5,2012.0,57.043665,5466,2,0,5463,3
20130,Myxinidae,5,2014.0,57.12,5466,5,0,5463,3
20131,Myxinidae,5,2015.0,54.90302,5466,1,0,5463,3
20132,Myxinidae,5,2018.0,57.218335,5466,4,0,5463,3
23348,Pentanchidae,5,1972.0,59.7833,5905,4,3,5786,116
23349,Pentanchidae,5,1974.0,60.9333,5905,1,3,5786,116
23350,Pentanchidae,5,1980.0,56.9167,5905,179,3,5786,116
23351,Pentanchidae,5,1986.0,57.15,5905,54,3,5786,116
23352,Pentanchidae,5,1987.0,56.9833,5905,55,3,5786,116
23353,Pentanchidae,5,1988.0,56.9667,5905,18,3,5786,116
23354,Pentanchidae,5,1989.0,56.9833,5905,51,3,5786,116
23355,Pentanchidae,5,1990.0,56.6833,5905,36,3,5786,116
23356,Pentanchidae,5,1991.0,56.35,5905,23,3,5786,116
23357,Pentanchidae,5,1992.0,56.95,5905,54,3,5786,116
23358,Pentanchidae,5,1993.0,56.6,5905,26,3,5786,116
23359,Pentanchidae,5,1994.0,56.2333,5905,84,3,5786,116
23360,Pentanchidae,5,1995.0,39.21,5905,50,3,5786,116
23361,Pentanchidae,5,1996.0,55.8,5905,70,3,5786,116
23362,Pentanchidae,5,1997.0,45.57,5905,142,3,5786,116
23363,Pentanchidae,5,1998.0,45.2262,5905,160,3,5786,116
23364,Pentanchidae,5,1999.0,46.2746,5905,177,3,5786,116
23365,Pentanchidae,5,2000.0,45.2708,5905,248,3,5786,116
23366,Pentanchidae,5,2001.0,45.289,5905,387,3,5786,116
23367,Pentanchidae,5,2002.0,45.2838,5905,437,3,5786,116
23368,Pentanchidae,5,2003.0,45.2371,5905,382,3,5786,116
23369,Pentanchidae,5,2004.0,46.3449,5905,484,3,5786,116
23370,Pentanchidae,5,2005.0,45.2351,5905,478,3,5786,116
23371,Pentanchidae,5,2006.0,45.2738,5905,428,3,5786,116
23372,Pentanchidae,5,2007.0,45.2653,5905,664,3,5786,116
23373,Pentanchidae,5,2008.0,45.2495,5905,381,3,5786,116
23374,Pentanchidae,5,2009.0,44.6085,5905,408,3,5786,116
23375,Pentanchidae,5,2010.0,45.2888,5905,325,3,5786,116
23376,Pentanchidae,5,2011.0,56.6483,5905,95,3,5786,116
23377,Pentanchidae,5,2012.0,46.68763286,5905,2,3,5786,116
23378,Pentanchidae,5,2013.0,17.9271,5905,2,3,5786,116
23921,Phocidae,5,1970.0,54.73208752688374,466,7,2,292,172
23922,Phocidae,5,1972.0,54.70678640728992,466,1,2,292,172
23923,Phocidae,5,1975.0,54.96363998647309,466,1,2,292,172
23924,Phocidae,5,1976.0,54.92774184303041,466,1,2,292,172
23925,Phocidae,5,1979.0,54.04809624704447,466,4,2,292,172
23926,Phocidae,5,1982.0,54.05677832004112,466,2,2,292,172
23927,Phocidae,5,1983.0,54.06096700960891,466,13,2,292,172
23928,Phocidae,5,1984.0,54.05258963047333,466,10,2,292,172
23929,Phocidae,5,1985.0,54.075277107586274,466,17,2,292,172
23930,Phocidae,5,1986.0,54.06979630402912,466,7,2,292,172
23931,Phocidae,5,1987.0,54.04337595220921,466,22,2,292,172
23932,Phocidae,5,1988.0,54.06979630402912,466,3,2,292,172
23933,Phocidae,5,1989.0,54.0876099458626,466,3,2,292,172
23934,Phocidae,5,1990.0,71.0,466,22,2,292,172
23935,Phocidae,5,1991.0,54.93382081941484,466,3,2,292,172
23936,Phocidae,5,1992.0,64.0,466,44,2,292,172
23937,Phocidae,5,1993.0,71.0,466,45,2,292,172
23938,Phocidae,5,1994.0,78.333333,466,21,2,292,172
23939,Phocidae,5,1995.0,54.0956697878719,466,12,2,292,172
23940,Phocidae,5,1996.0,54.03224735977582,466,12,2,292,172
23941,Phocidae,5,1997.0,54.036741105895096,466,15,2,292,172
23942,Phocidae,5,1998.0,54.11526803609111,466,2,2,292,172
23943,Phocidae,5,1999.0,70.166667,466,32,2,292,172
23944,Phocidae,5,2000.0,70.166667,466,39,2,292,172
23945,Phocidae,5,2001.0,54.12289799459656,466,21,2,292,172
23946,Phocidae,5,2002.0,54.91239617291826,466,12,2,292,172
23947,Phocidae,5,2003.0,51.37312,466,7,2,292,172
23948,Phocidae,5,2004.0,53.97604106055889,466,18,2,292,172
23949,Phocidae,5,2005.0,51.330385,466,8,2,292,172
23950,Phocidae,5,2006.0,53.741835,466,24,2,292,172
23951,Phocidae,5,2007.0,51.48019,466,5,2,292,172
23952,Phocidae,5,2008.0,51.338655,466,6,2,292,172
23953,Phocidae,5,2009.0,60.14528,466,5,2,292,172
23954,Phocidae,5,2010.0,54.244093941718695,466,3,2,292,172
23955,Phocidae,5,2012.0,54.215226365319296,466,7,2,292,172
23956,Phocidae,5,2013.0,34.0092,466,4,2,292,172
23957,Phocidae,5,2014.0,54.34597,466,5,2,292,172
23958,Phocidae,5,2015.0,53.209155,466,2,2,292,172
23959,Phocidae,5,2017.0,54.66712,466,1,2,292,172
23960,Phocoenidae,5,1970.0,54.89367166456971,2093,4,0,2093,0
23961,Phocoenidae,5,1972.0,54.514465156322,2093,1,0,2093,0
23962,Phocoenidae,5,1975.0,54.9076287969765,2093,2,0,2093,0
23963,Phocoenidae,5,1976.0,54.90383623830125,2093,2,0,2093,0
23964,Phocoenidae,5,1977.0,53.60393997773891,2093,1,0,2093,0
23965,Phocoenidae,5,1979.0,54.536978470190206,2093,2,0,2093,0
23966,Phocoenidae,5,1980.0,54.075277107586274,2093,3,0,2093,0
23967,Phocoenidae,5,1981.0,54.05258963047333,2093,3,0,2093,0
23968,Phocoenidae,5,1983.0,54.07846236302586,2093,1,0,2093,0
23969,Phocoenidae,5,1985.0,54.0639333690298,2093,6,0,2093,0
23970,Phocoenidae,5,1986.0,54.15035278217873,2093,2,0,2093,0
23971,Phocoenidae,5,1987.0,54.208173950020765,2093,1,0,2093,0
23972,Phocoenidae,5,1989.0,45.174,2093,20,0,2093,0
23973,Phocoenidae,5,1990.0,45.255,2093,121,0,2093,0
23974,Phocoenidae,5,1991.0,45.255,2093,3,0,2093,0
23975,Phocoenidae,5,1992.0,45.275,2093,3,0,2093,0
23976,Phocoenidae,5,1993.0,45.568,2093,23,0,2093,0
23977,Phocoenidae,5,1995.0,53.62436248769403,2093,64,0,2093,0
23978,Phocoenidae,5,1996.0,45.5685,2093,34,0,2093,0
23979,Phocoenidae,5,1997.0,45.0,2093,89,0,2093,0
23980,Phocoenidae,5,1998.0,44.667,2093,85,0,2093,0
23981,Phocoenidae,5,1999.0,53.676945,2093,20,0,2093,0
23982,Phocoenidae,5,2000.0,53.59471613293888,2093,40,0,2093,0
23983,Phocoenidae,5,2001.0,53.79056669887581,2093,133,0,2093,0
23984,Phocoenidae,5,2002.0,54.431482015809685,2093,98,0,2093,0
23985,Phocoenidae,5,2003.0,53.63458694516415,2093,116,0,2093,0
23986,Phocoenidae,5,2004.0,53.93194649730152,2093,156,0,2093,0
23987,Phocoenidae,5,2005.0,51.3183,2093,117,0,2093,0
23988,Phocoenidae,5,2006.0,51.32811,2093,206,0,2093,0
23989,Phocoenidae,5,2007.0,45.179,2093,238,0,2093,0
23990,Phocoenidae,5,2008.0,45.1535,2093,458,0,2093,0
23991,Phocoenidae,5,2009.0,45.178,2093,27,0,2093,0
23992,Phocoenidae,5,2010.0,45.2065,2093,14,0,2093,0
24511,Physeteridae,5,1970.0,44.0,4290,538,105,2980,1205
24512,Physeteridae,5,1971.0,44.0,4290,602,105,2980,1205
24513,Physeteridae,5,1972.0,44.0,4290,356,105,2980,1205
24514,Physeteridae,5,1973.0,44.0,4290,341,105,2980,1205
24515,Physeteridae,5,1974.0,43.0,4290,442,105,2980,1205
24516,Physeteridae,5,1975.0,43.0,4290,413,105,2980,1205
24517,Physeteridae,5,1976.0,44.0,4290,381,105,2980,1205
24518,Physeteridae,5,1977.0,64.0,4290,200,105,2980,1205
24519,Physeteridae,5,1978.0,64.0,4290,259,105,2980,1205
24520,Physeteridae,5,1979.0,43.0,4290,308,105,2980,1205
24521,Physeteridae,5,1980.0,38.0,4290,246,105,2980,1205
24522,Physeteridae,5,1981.0,64.0,4290,43,105,2980,1205
24523,Physeteridae,5,1982.0,64.0,4290,87,105,2980,1205
24524,Physeteridae,5,1990.0,38.96666667,4290,1,105,2980,1205
24525,Physeteridae,5,2001.0,39.3774,4290,1,105,2980,1205
24526,Physeteridae,5,2004.0,55.341605,4290,52,105,2980,1205
24527,Physeteridae,5,2005.0,38.62216667,4290,1,105,2980,1205
24528,Physeteridae,5,2006.0,38.4725,4290,4,105,2980,1205
24529,Physeteridae,5,2007.0,37.847958335,4290,2,105,2980,1205
24530,Physeteridae,5,2009.0,38.388450000000006,4290,6,105,2980,1205
24531,Physeteridae,5,2010.0,38.398766665,4290,2,105,2980,1205
24532,Physeteridae,5,2011.0,38.28903333,4290,5,105,2980,1205
28293,Scombridae,5,1970.0,55.8167,105898,160,292,96680,8926
28294,Scombridae,5,1971.0,54.95,105898,255,292,96680,8926
28295,Scombridae,5,1972.0,55.79165,105898,224,292,96680,8926
28296,Scombridae,5,1973.0,54.775,105898,138,292,96680,8926
28297,Scombridae,5,1974.0,55.59165,105898,210,292,96680,8926
28298,Scombridae,5,1975.0,56.5833,105898,261,292,96680,8926
28299,Scombridae,5,1976.0,55.3,105898,163,292,96680,8926
28300,Scombridae,5,1977.0,55.4333,105898,196,292,96680,8926
28301,Scombridae,5,1978.0,55.85,105898,173,292,96680,8926
28302,Scombridae,5,1979.0,56.6667,105898,129,292,96680,8926
28303,Scombridae,5,1980.0,53.7167,105898,35,292,96680,8926
28304,Scombridae,5,1981.0,55.816667,105898,1530,292,96680,8926
28305,Scombridae,5,1982.0,56.25,105898,54,292,96680,8926
28306,Scombridae,5,1983.0,56.7167,105898,318,292,96680,8926
28307,Scombridae,5,1984.0,58.7833,105898,151,292,96680,8926
28308,Scombridae,5,1985.0,57.2833,105898,257,292,96680,8926
28309,Scombridae,5,1986.0,56.25,105898,335,292,96680,8926
28310,Scombridae,5,1987.0,58.0667,105898,498,292,96680,8926
28311,Scombridae,5,1988.0,57.6,105898,363,292,96680,8926
28312,Scombridae,5,1989.0,56.75,105898,330,292,96680,8926
28313,Scombridae,5,1990.0,55.8667,105898,896,292,96680,8926
28314,Scombridae,5,1991.0,56.5333,105898,8557,292,96680,8926
28315,Scombridae,5,1992.0,55.7333,105898,3470,292,96680,8926
28316,Scombridae,5,1993.0,55.0333,105898,3542,292,96680,8926
28317,Scombridae,5,1994.0,55.5667,105898,2547,292,96680,8926
28318,Scombridae,5,1995.0,56.25,105898,3211,292,96680,8926
28319,Scombridae,5,1996.0,56.7,105898,3323,292,96680,8926
28320,Scombridae,5,1997.0,56.8,105898,3038,292,96680,8926
28321,Scombridae,5,1998.0,39.8,105898,4415,292,96680,8926
28322,Scombridae,5,1999.0,38.858333335,105898,4770,292,96680,8926
28323,Scombridae,5,2000.0,38.76666667,105898,4278,292,96680,8926
28324,Scombridae,5,2001.0,51.0167,105898,3466,292,96680,8926
28325,Scombridae,5,2002.0,53.8333,105898,3788,292,96680,8926
28326,Scombridae,5,2003.0,53.2333,105898,4141,292,96680,8926
28327,Scombridae,5,2004.0,50.8458,105898,5543,292,96680,8926
28328,Scombridae,5,2005.0,53.2985,105898,5385,292,96680,8926
28329,Scombridae,5,2006.0,54.95225,105898,5704,292,96680,8926
28330,Scombridae,5,2007.0,54.3535,105898,6641,292,96680,8926
28331,Scombridae,5,2008.0,53.3185,105898,6416,292,96680,8926
28332,Scombridae,5,2009.0,53.8247,105898,3704,292,96680,8926
28333,Scombridae,5,2010.0,45.9297,105898,4788,292,96680,8926
28334,Scombridae,5,2011.0,51.7303,105898,4652,292,96680,8926
28335,Scombridae,5,2012.0,37.969475,105898,1802,292,96680,8926
28336,Scombridae,5,2013.0,38.1382,105898,2000,292,96680,8926
28337,Scombridae,5,2014.0,24.9211,105898,26,292,96680,8926
28338,Scombridae,5,2015.0,53.319,105898,1,292,96680,8926
28339,Scombridae,5,2016.0,51.4082506002885,105898,6,292,96680,8926
28340,Scombridae,5,2018.0,43.8030765,105898,8,292,96680,8926
28391,Scorpaenidae,5,1970.0,33.933333333,4046,11,578,3458,10
28392,Scorpaenidae,5,1971.0,42.72938396,4046,5,578,3458,10
28393,Scorpaenidae,5,1972.0,42.72938396,4046,8,578,3458,10
28394,Scorpaenidae,5,1973.0,34.1,4046,14,578,3458,10
28395,Scorpaenidae,5,1974.0,42.72938396,4046,5,578,3458,10
28396,Scorpaenidae,5,1975.0,42.72938396,4046,5,578,3458,10
28397,Scorpaenidae,5,1976.0,42.72938396,4046,5,578,3458,10
28398,Scorpaenidae,5,1977.0,42.72938396,4046,4,578,3458,10
28399,Scorpaenidae,5,1978.0,42.72938396,4046,6,578,3458,10
28400,Scorpaenidae,5,1979.0,42.72938396,4046,4,578,3458,10
28401,Scorpaenidae,5,1980.0,42.72938396,4046,3,578,3458,10
28402,Scorpaenidae,5,1981.0,42.72938396,4046,9,578,3458,10
28403,Scorpaenidae,5,1982.0,39.4273,4046,5,578,3458,10
28404,Scorpaenidae,5,1984.0,54.66922,4046,2,578,3458,10
28405,Scorpaenidae,5,1985.0,39.3667,4046,15,578,3458,10
28406,Scorpaenidae,5,1986.0,52.669035,4046,2,578,3458,10
28407,Scorpaenidae,5,1987.0,39.77915,4046,14,578,3458,10
28408,Scorpaenidae,5,1988.0,25.9017,4046,6,578,3458,10
28409,Scorpaenidae,5,1989.0,60.19112,4046,3,578,3458,10
28410,Scorpaenidae,5,1990.0,56.6167,4046,5,578,3458,10
28411,Scorpaenidae,5,1992.0,60.7333,4046,3,578,3458,10
28412,Scorpaenidae,5,1993.0,39.1649,4046,3,578,3458,10
28413,Scorpaenidae,5,1994.0,38.3,4046,22,578,3458,10
28414,Scorpaenidae,5,1995.0,38.34,4046,37,578,3458,10
28415,Scorpaenidae,5,1996.0,38.74,4046,73,578,3458,10
28416,Scorpaenidae,5,1997.0,37.8887554,4046,65,578,3458,10
28417,Scorpaenidae,5,1998.0,39.1649,4046,109,578,3458,10
28418,Scorpaenidae,5,1999.0,38.020241535,4046,92,578,3458,10
28419,Scorpaenidae,5,2000.0,39.1649,4046,164,578,3458,10
28420,Scorpaenidae,5,2001.0,39.44515,4046,252,578,3458,10
28421,Scorpaenidae,5,2002.0,39.25065,4046,344,578,3458,10
28422,Scorpaenidae,5,2003.0,39.4835,4046,223,578,3458,10
28423,Scorpaenidae,5,2004.0,39.2725,4046,522,578,3458,10
28424,Scorpaenidae,5,2005.0,39.3852,4046,342,578,3458,10
28425,Scorpaenidae,5,2006.0,39.43125,4046,278,578,3458,10
28426,Scorpaenidae,5,2007.0,39.32,4046,260,578,3458,10
28427,Scorpaenidae,5,2008.0,39.3495,4046,274,578,3458,10
28428,Scorpaenidae,5,2009.0,39.532,4046,224,578,3458,10
28429,Scorpaenidae,5,2010.0,38.5177483,4046,108,578,3458,10
28430,Scorpaenidae,5,2011.0,27.7252,4046,103,578,3458,10
28431,Scorpaenidae,5,2012.0,26.2099,4046,162,578,3458,10
28432,Scorpaenidae,5,2013.0,27.1578,4046,159,578,3458,10
28433,Scorpaenidae,5,2014.0,19.7602,4046,89,578,3458,10
28434,Scorpaenidae,5,2015.0,54.684679498896,4046,5,578,3458,10
28435,Scorpaenidae,5,2017.0,54.422945833333,4046,2,578,3458,10
28436,Scyliorhinidae,5,1971.0,58.9,103377,15,0,101883,1494
28437,Scyliorhinidae,5,1972.0,58.79165,103377,14,0,101883,1494
28438,Scyliorhinidae,5,1973.0,58.6833,103377,8,0,101883,1494
28439,Scyliorhinidae,5,1974.0,58.8333,103377,25,0,101883,1494
28440,Scyliorhinidae,5,1975.0,54.45,103377,17,0,101883,1494
28441,Scyliorhinidae,5,1976.0,54.47361,103377,15,0,101883,1494
28442,Scyliorhinidae,5,1977.0,52.90523,103377,19,0,101883,1494
28443,Scyliorhinidae,5,1978.0,59.0,103377,40,0,101883,1494
28444,Scyliorhinidae,5,1979.0,56.3,103377,41,0,101883,1494
28445,Scyliorhinidae,5,1980.0,59.0333,103377,100,0,101883,1494
28446,Scyliorhinidae,5,1981.0,51.7052,103377,17,0,101883,1494
28447,Scyliorhinidae,5,1982.0,60.7,103377,76,0,101883,1494
28448,Scyliorhinidae,5,1983.0,58.05,103377,97,0,101883,1494
28449,Scyliorhinidae,5,1984.0,58.442335,103377,96,0,101883,1494
28450,Scyliorhinidae,5,1985.0,57.5333,103377,719,0,101883,1494
28451,Scyliorhinidae,5,1986.0,58.0667,103377,541,0,101883,1494
28452,Scyliorhinidae,5,1987.0,57.6667,103377,600,0,101883,1494
28453,Scyliorhinidae,5,1988.0,58.4166,103377,534,0,101883,1494
28454,Scyliorhinidae,5,1989.0,57.45,103377,502,0,101883,1494
28455,Scyliorhinidae,5,1990.0,56.6833,103377,715,0,101883,1494
28456,Scyliorhinidae,5,1991.0,56.35,103377,1283,0,101883,1494
28457,Scyliorhinidae,5,1992.0,56.2167,103377,1333,0,101883,1494
28458,Scyliorhinidae,5,1993.0,54.02,103377,2015,0,101883,1494
28459,Scyliorhinidae,5,1994.0,54.3167,103377,1864,0,101883,1494
28460,Scyliorhinidae,5,1995.0,53.65,103377,1718,0,101883,1494
28461,Scyliorhinidae,5,1996.0,54.4667,103377,2341,0,101883,1494
28462,Scyliorhinidae,5,1997.0,53.0383,103377,2978,0,101883,1494
28463,Scyliorhinidae,5,1998.0,53.35098,103377,3216,0,101883,1494
28464,Scyliorhinidae,5,1999.0,53.4817,103377,3270,0,101883,1494
28465,Scyliorhinidae,5,2000.0,53.75,103377,3166,0,101883,1494
28466,Scyliorhinidae,5,2001.0,51.5717,103377,4596,0,101883,1494
28467,Scyliorhinidae,5,2002.0,51.61,103377,5031,0,101883,1494
28468,Scyliorhinidae,5,2003.0,52.787,103377,6936,0,101883,1494
28469,Scyliorhinidae,5,2004.0,52.414,103377,9147,0,101883,1494
28470,Scyliorhinidae,5,2005.0,53.1142,103377,7137,0,101883,1494
28471,Scyliorhinidae,5,2006.0,53.4198,103377,7350,0,101883,1494
28472,Scyliorhinidae,5,2007.0,52.1203,103377,10110,0,101883,1494
28473,Scyliorhinidae,5,2008.0,52.0158,103377,10146,0,101883,1494
28474,Scyliorhinidae,5,2009.0,51.60377,103377,5945,0,101883,1494
28475,Scyliorhinidae,5,2010.0,50.4257,103377,6082,0,101883,1494
28476,Scyliorhinidae,5,2011.0,56.0795,103377,2038,0,101883,1494
28477,Scyliorhinidae,5,2012.0,51.9907116,103377,205,0,101883,1494
28478,Scyliorhinidae,5,2013.0,51.523250325706,103377,204,0,101883,1494
28479,Scyliorhinidae,5,2014.0,51.64938,103377,257,0,101883,1494
28480,Scyliorhinidae,5,2015.0,50.693085,103377,160,0,101883,1494
28481,Scyliorhinidae,5,2016.0,51.08275,103377,148,0,101883,1494
28482,Scyliorhinidae,5,2017.0,50.66773,103377,169,0,101883,1494
28483,Scyliorhinidae,5,2018.0,51.09633,103377,177,0,101883,1494
28484,Scyliorhinidae,5,2019.0,51.3893,103377,164,0,101883,1494
28696,Sepiidae,5,1970.0,42.72938396,4524,6,64,4441,19
28697,Sepiidae,5,1971.0,42.72938396,4524,8,64,4441,19
28698,Sepiidae,5,1972.0,42.72938396,4524,7,64,4441,19
28699,Sepiidae,5,1973.0,27.69335,4524,2,64,4441,19
28700,Sepiidae,5,1974.0,42.72938396,4524,8,64,4441,19
28701,Sepiidae,5,1975.0,42.72938396,4524,8,64,4441,19
28702,Sepiidae,5,1976.0,42.72938396,4524,8,64,4441,19
28703,Sepiidae,5,1977.0,42.72938396,4524,10,64,4441,19
28704,Sepiidae,5,1978.0,42.72938396,4524,12,64,4441,19
28705,Sepiidae,5,1979.0,42.72938396,4524,12,64,4441,19
28706,Sepiidae,5,1980.0,42.72938396,4524,9,64,4441,19
28707,Sepiidae,5,1981.0,42.72938396,4524,13,64,4441,19
28708,Sepiidae,5,1982.0,42.72938396,4524,8,64,4441,19
28709,Sepiidae,5,1983.0,42.72938396,4524,11,64,4441,19
28710,Sepiidae,5,1984.0,42.72938396,4524,11,64,4441,19
28711,Sepiidae,5,1985.0,42.72938396,4524,9,64,4441,19
28712,Sepiidae,5,1986.0,42.72938396,4524,8,64,4441,19
28713,Sepiidae,5,1987.0,42.72938396,4524,10,64,4441,19
28714,Sepiidae,5,1988.0,42.72938396,4524,9,64,4441,19
28715,Sepiidae,5,1989.0,42.72938396,4524,8,64,4441,19
28716,Sepiidae,5,1990.0,42.72938396,4524,10,64,4441,19
28717,Sepiidae,5,1991.0,42.72938396,4524,10,64,4441,19
28718,Sepiidae,5,1992.0,42.72938396,4524,12,64,4441,19
28719,Sepiidae,5,1993.0,50.35453,4524,18,64,4441,19
28720,Sepiidae,5,1994.0,40.34,4524,85,64,4441,19
28721,Sepiidae,5,1995.0,39.845,4524,90,64,4441,19
28722,Sepiidae,5,1996.0,40.1,4524,53,64,4441,19
28723,Sepiidae,5,1997.0,39.64,4524,51,64,4441,19
28724,Sepiidae,5,1998.0,50.570416,4524,237,64,4441,19
28725,Sepiidae,5,1999.0,50.619619,4524,218,64,4441,19
28726,Sepiidae,5,2000.0,40.1,4524,85,64,4441,19
28727,Sepiidae,5,2001.0,39.6447,4524,99,64,4441,19
28728,Sepiidae,5,2002.0,49.9534395,4524,406,64,4441,19
28729,Sepiidae,5,2003.0,50.1606995,4524,304,64,4441,19
28730,Sepiidae,5,2004.0,39.74005,4524,304,64,4441,19
28731,Sepiidae,5,2005.0,39.7329,4524,254,64,4441,19
28732,Sepiidae,5,2006.0,39.5177,4524,214,64,4441,19
28733,Sepiidae,5,2007.0,39.7578,4524,210,64,4441,19
28734,Sepiidae,5,2008.0,39.905,4524,198,64,4441,19
28735,Sepiidae,5,2009.0,39.88,4524,227,64,4441,19
28736,Sepiidae,5,2010.0,51.03583,4524,123,64,4441,19
28737,Sepiidae,5,2011.0,50.6388,4524,287,64,4441,19
28738,Sepiidae,5,2012.0,50.72669,4524,147,64,4441,19
28739,Sepiidae,5,2013.0,50.8755,4524,120,64,4441,19
28740,Sepiidae,5,2014.0,50.569975,4524,90,64,4441,19
28741,Sepiidae,5,2015.0,50.6215,4524,83,64,4441,19
28742,Sepiidae,5,2016.0,51.168,4524,95,64,4441,19
28743,Sepiidae,5,2017.0,50.651675,4524,146,64,4441,19
28744,Sepiidae,5,2018.0,50.758,4524,59,64,4441,19
28745,Sepiidae,5,2019.0,50.75465,4524,78,64,4441,19
28746,Sepiidae,5,2020.0,51.2505,4524,34,64,4441,19
28870,Serranidae,5,1970.0,33.916666667,5410,19,795,4615,0
28871,Serranidae,5,1971.0,42.72938396,5410,4,795,4615,0
28872,Serranidae,5,1972.0,34.1,5410,12,795,4615,0
28873,Serranidae,5,1973.0,34.1,5410,48,795,4615,0
28874,Serranidae,5,1974.0,42.72938396,5410,3,795,4615,0
28875,Serranidae,5,1975.0,42.72938396,5410,3,795,4615,0
28876,Serranidae,5,1976.0,42.72938396,5410,2,795,4615,0
28877,Serranidae,5,1977.0,42.72938396,5410,1,795,4615,0
28878,Serranidae,5,1979.0,42.72938396,5410,1,795,4615,0
28879,Serranidae,5,1980.0,42.72938396,5410,2,795,4615,0
28880,Serranidae,5,1981.0,42.72938396,5410,3,795,4615,0
28881,Serranidae,5,1982.0,42.72938396,5410,2,795,4615,0
28882,Serranidae,5,1983.0,39.4273,5410,54,795,4615,0
28883,Serranidae,5,1984.0,42.72938396,5410,5,795,4615,0
28884,Serranidae,5,1985.0,39.4933,5410,29,795,4615,0
28885,Serranidae,5,1986.0,42.72938396,5410,5,795,4615,0
28886,Serranidae,5,1987.0,39.8333,5410,12,795,4615,0
28887,Serranidae,5,1988.0,12.0,5410,34,795,4615,0
28888,Serranidae,5,1989.0,39.5422,5410,12,795,4615,0
28889,Serranidae,5,1990.0,39.5497,5410,17,795,4615,0
28890,Serranidae,5,1991.0,42.72938396,5410,6,795,4615,0
28891,Serranidae,5,1992.0,42.72938396,5410,9,795,4615,0
28892,Serranidae,5,1993.0,39.1649,5410,23,795,4615,0
28893,Serranidae,5,1994.0,39.4072,5410,71,795,4615,0
28894,Serranidae,5,1995.0,38.92,5410,133,795,4615,0
28895,Serranidae,5,1996.0,39.3331,5410,201,795,4615,0
28896,Serranidae,5,1997.0,38.200493635,5410,90,795,4615,0
28897,Serranidae,5,1998.0,39.1649,5410,237,795,4615,0
28898,Serranidae,5,1999.0,38.01953659,5410,153,795,4615,0
28899,Serranidae,5,2000.0,39.1649,5410,226,795,4615,0
28900,Serranidae,5,2001.0,39.3428,5410,323,795,4615,0
28901,Serranidae,5,2002.0,37.36,5410,478,795,4615,0
28902,Serranidae,5,2003.0,39.3735,5410,266,795,4615,0
28903,Serranidae,5,2004.0,39.2425,5410,450,795,4615,0
28904,Serranidae,5,2005.0,39.3083,5410,365,795,4615,0
28905,Serranidae,5,2006.0,39.37,5410,340,795,4615,0
28906,Serranidae,5,2007.0,39.3475,5410,258,795,4615,0
28907,Serranidae,5,2008.0,39.726,5410,464,795,4615,0
28908,Serranidae,5,2009.0,39.76,5410,502,795,4615,0
28909,Serranidae,5,2010.0,39.4192,5410,88,795,4615,0
28910,Serranidae,5,2011.0,27.1515,5410,106,795,4615,0
28911,Serranidae,5,2012.0,29.613,5410,148,795,4615,0
28912,Serranidae,5,2013.0,30.1212,5410,135,795,4615,0
28913,Serranidae,5,2014.0,26.43045,5410,70,795,4615,0
29731,Squalidae,5,1970.0,55.8167,18048,7,0,17678,370
29732,Squalidae,5,1971.0,57.3333,18048,51,0,17678,370
29733,Squalidae,5,1972.0,57.5,18048,145,0,17678,370
29734,Squalidae,5,1973.0,57.34165,18048,134,0,17678,370
29735,Squalidae,5,1974.0,56.3167,18048,100,0,17678,370
29736,Squalidae,5,1975.0,58.075,18048,190,0,17678,370
29737,Squalidae,5,1976.0,56.45,18048,178,0,17678,370
29738,Squalidae,5,1977.0,57.75835,18048,174,0,17678,370
29739,Squalidae,5,1978.0,57.15,18048,348,0,17678,370
29740,Squalidae,5,1979.0,56.75,18048,357,0,17678,370
29741,Squalidae,5,1980.0,58.75,18048,233,0,17678,370
29742,Squalidae,5,1981.0,57.4333,18048,40,0,17678,370
29743,Squalidae,5,1982.0,58.0833,18048,70,0,17678,370
29744,Squalidae,5,1983.0,58.2167,18048,117,0,17678,370
29745,Squalidae,5,1984.0,57.2167,18048,81,0,17678,370
29746,Squalidae,5,1985.0,57.2833,18048,766,0,17678,370
29747,Squalidae,5,1986.0,57.2833,18048,417,0,17678,370
29748,Squalidae,5,1987.0,57.6667,18048,289,0,17678,370
29749,Squalidae,5,1988.0,57.7833,18048,233,0,17678,370
29750,Squalidae,5,1989.0,58.05,18048,239,0,17678,370
29751,Squalidae,5,1990.0,57.2333,18048,681,0,17678,370
29752,Squalidae,5,1991.0,57.3167,18048,1303,0,17678,370
29753,Squalidae,5,1992.0,56.6,18048,940,0,17678,370
29754,Squalidae,5,1993.0,56.35,18048,743,0,17678,370
29755,Squalidae,5,1994.0,57.8333,18048,782,0,17678,370
29756,Squalidae,5,1995.0,56.75,18048,656,0,17678,370
29757,Squalidae,5,1996.0,56.6,18048,670,0,17678,370
29758,Squalidae,5,1997.0,56.6,18048,610,0,17678,370
29759,Squalidae,5,1998.0,56.5667,18048,522,0,17678,370
29760,Squalidae,5,1999.0,56.7833,18048,607,0,17678,370
29761,Squalidae,5,2000.0,56.6167,18048,345,0,17678,370
29762,Squalidae,5,2001.0,56.7667,18048,450,0,17678,370
29763,Squalidae,5,2002.0,56.618300000000005,18048,452,0,17678,370
29764,Squalidae,5,2003.0,56.2357,18048,654,0,17678,370
29765,Squalidae,5,2004.0,56.2053,18048,500,0,17678,370
29766,Squalidae,5,2005.0,56.6,18048,574,0,17678,370
29767,Squalidae,5,2006.0,55.92785000000001,18048,474,0,17678,370
29768,Squalidae,5,2007.0,56.5712,18048,645,0,17678,370
29769,Squalidae,5,2008.0,56.7347,18048,742,0,17678,370
29770,Squalidae,5,2009.0,57.3547,18048,517,0,17678,370
29771,Squalidae,5,2010.0,57.1752,18048,475,0,17678,370
29772,Squalidae,5,2011.0,56.6565,18048,353,0,17678,370
29773,Squalidae,5,2012.0,44.870556,18048,58,0,17678,370
29774,Squalidae,5,2013.0,44.828556,18048,54,0,17678,370
29775,Squalidae,5,2014.0,44.912556,18048,7,0,17678,370
29776,Squalidae,5,2015.0,44.912556,18048,35,0,17678,370
29777,Squalidae,5,2016.0,44.828556,18048,21,0,17678,370
29778,Squalidae,5,2017.0,44.576556,18048,9,0,17678,370
30239,Stomiidae,5,1970.0,33.933333333,2608,3,77,2344,187
30240,Stomiidae,5,1971.0,34.1,2608,3,77,2344,187
30241,Stomiidae,5,1973.0,52.5,2608,140,77,2344,187
30242,Stomiidae,5,1976.0,31.85,2608,400,77,2344,187
30243,Stomiidae,5,1980.0,57.191667,2608,1,77,2344,187
30244,Stomiidae,5,1981.0,48.15,2608,223,77,2344,187
30245,Stomiidae,5,1983.0,56.457,2608,91,77,2344,187
30246,Stomiidae,5,1984.0,39.4273,2608,1,77,2344,187
30247,Stomiidae,5,1985.0,39.07835,2608,6,77,2344,187
30248,Stomiidae,5,1986.0,54.74,2608,175,77,2344,187
30249,Stomiidae,5,1987.0,38.97,2608,11,77,2344,187
30250,Stomiidae,5,1988.0,39.07835,2608,4,77,2344,187
30251,Stomiidae,5,1989.0,57.191667,2608,2,77,2344,187
30252,Stomiidae,5,1990.0,39.0,2608,2,77,2344,187
30253,Stomiidae,5,1992.0,38.75335,2608,2,77,2344,187
30254,Stomiidae,5,1993.0,38.795,2608,6,77,2344,187
30255,Stomiidae,5,1994.0,37.73,2608,28,77,2344,187
30256,Stomiidae,5,1995.0,37.73,2608,39,77,2344,187
30257,Stomiidae,5,1996.0,38.605,2608,48,77,2344,187
30258,Stomiidae,5,1997.0,38.53,2608,44,77,2344,187
30259,Stomiidae,5,1998.0,37.805,2608,38,77,2344,187
30260,Stomiidae,5,1999.0,37.81,2608,38,77,2344,187
30261,Stomiidae,5,2000.0,37.77,2608,54,77,2344,187
30262,Stomiidae,5,2001.0,39.551,2608,127,77,2344,187
30263,Stomiidae,5,2002.0,39.1115,2608,80,77,2344,187
30264,Stomiidae,5,2003.0,59.975,2608,280,77,2344,187
30265,Stomiidae,5,2004.0,49.207,2608,414,77,2344,187
30266,Stomiidae,5,2005.0,38.86,2608,70,77,2344,187
30267,Stomiidae,5,2006.0,38.295,2608,74,77,2344,187
30268,Stomiidae,5,2007.0,39.217,2608,64,77,2344,187
30269,Stomiidae,5,2008.0,39.17,2608,60,77,2344,187
30270,Stomiidae,5,2009.0,38.91475,2608,64,77,2344,187
30271,Stomiidae,5,2010.0,38.56,2608,15,77,2344,187
30272,Stomiidae,5,2011.0,58.623,2608,1,77,2344,187
31860,Torpedinidae,5,1971.0,50.641349,411,1,3,406,2
31861,Torpedinidae,5,1973.0,60.400000000000006,411,2,3,406,2
31862,Torpedinidae,5,1977.0,50.55856,411,1,3,406,2
31863,Torpedinidae,5,1985.0,49.595,411,1,3,406,2
31864,Torpedinidae,5,1991.0,48.96085,411,4,3,406,2
31865,Torpedinidae,5,1992.0,51.35184,411,2,3,406,2
31866,Torpedinidae,5,1993.0,38.62,411,11,3,406,2
31867,Torpedinidae,5,1995.0,38.47,411,22,3,406,2
31868,Torpedinidae,5,1996.0,38.02,411,17,3,406,2
31869,Torpedinidae,5,1997.0,37.95,411,18,3,406,2
31870,Torpedinidae,5,1998.0,38.095,411,18,3,406,2
31871,Torpedinidae,5,1999.0,38.01,411,5,3,406,2
31872,Torpedinidae,5,2000.0,39.245000000000005,411,18,3,406,2
31873,Torpedinidae,5,2001.0,39.28545,411,20,3,406,2
31874,Torpedinidae,5,2002.0,38.77,411,22,3,406,2
31875,Torpedinidae,5,2003.0,39.7715,411,32,3,406,2
31876,Torpedinidae,5,2004.0,39.1649,411,76,3,406,2
31877,Torpedinidae,5,2005.0,37.98,411,27,3,406,2
31878,Torpedinidae,5,2006.0,38.26,411,29,3,406,2
31879,Torpedinidae,5,2007.0,40.0,411,21,3,406,2
31880,Torpedinidae,5,2008.0,38.28,411,20,3,406,2
31881,Torpedinidae,5,2009.0,38.17,411,27,3,406,2
31882,Torpedinidae,5,2010.0,48.3809,411,6,3,406,2
31883,Torpedinidae,5,2012.0,42.81345,411,6,3,406,2
31884,Torpedinidae,5,2014.0,36.0,411,1,3,406,2
31885,Torpedinidae,5,2015.0,49.27927,411,1,3,406,2
31886,Torpedinidae,5,2017.0,49.42318,411,3,3,406,2
32044,Triakidae,5,1970.0,54.66712940662181,5270,12,28,5230,12
32045,Triakidae,5,1971.0,56.27736872269156,5270,4,28,5230,12
32046,Triakidae,5,1972.0,54.6538471087611,5270,2,28,5230,12
32047,Triakidae,5,1973.0,54.632490285073246,5270,6,28,5230,12
32048,Triakidae,5,1974.0,52.4167,5270,1,28,5230,12
32049,Triakidae,5,1975.0,54.76998955805191,5270,5,28,5230,12
32050,Triakidae,5,1976.0,54.70594051365594,5270,3,28,5230,12
32051,Triakidae,5,1977.0,51.365821764025,5270,6,28,5230,12
32052,Triakidae,5,1978.0,54.7,5270,1,28,5230,12
32053,Triakidae,5,1979.0,51.4405556,5270,1,28,5230,12
32054,Triakidae,5,1980.0,53.75,5270,7,28,5230,12
32055,Triakidae,5,1981.0,52.2012778,5270,4,28,5230,12
32056,Triakidae,5,1982.0,53.75,5270,5,28,5230,12
32057,Triakidae,5,1983.0,53.25,5270,3,28,5230,12
32058,Triakidae,5,1984.0,54.275000000000006,5270,4,28,5230,12
32059,Triakidae,5,1985.0,56.8167,5270,3,28,5230,12
32060,Triakidae,5,1986.0,52.17802280183089,5270,13,28,5230,12
32061,Triakidae,5,1987.0,52.2167,5270,17,28,5230,12
32062,Triakidae,5,1989.0,56.00215,5270,6,28,5230,12
32063,Triakidae,5,1990.0,51.875150000000005,5270,22,28,5230,12
32064,Triakidae,5,1991.0,52.75835,5270,90,28,5230,12
32065,Triakidae,5,1992.0,53.4167,5270,110,28,5230,12
32066,Triakidae,5,1993.0,52.6417,5270,166,28,5230,12
32067,Triakidae,5,1994.0,52.79165,5270,174,28,5230,12
32068,Triakidae,5,1995.0,53.6833,5270,101,28,5230,12
32069,Triakidae,5,1996.0,52.0833,5270,133,28,5230,12
32070,Triakidae,5,1997.0,52.2833,5270,117,28,5230,12
32071,Triakidae,5,1998.0,52.574213,5270,157,28,5230,12
32072,Triakidae,5,1999.0,51.57668,5270,254,28,5230,12
32073,Triakidae,5,2000.0,51.7167,5270,127,28,5230,12
32074,Triakidae,5,2001.0,52.2917,5270,118,28,5230,12
32075,Triakidae,5,2002.0,51.655,5270,251,28,5230,12
32076,Triakidae,5,2003.0,52.15871,5270,287,28,5230,12
32077,Triakidae,5,2004.0,52.0724,5270,411,28,5230,12
32078,Triakidae,5,2005.0,51.7678,5270,296,28,5230,12
32079,Triakidae,5,2006.0,52.3447,5270,317,28,5230,12
32080,Triakidae,5,2007.0,51.6063,5270,438,28,5230,12
32081,Triakidae,5,2008.0,51.4582,5270,423,28,5230,12
32082,Triakidae,5,2009.0,51.8071,5270,303,28,5230,12
32083,Triakidae,5,2010.0,51.4369,5270,473,28,5230,12
32084,Triakidae,5,2011.0,52.289,5270,223,28,5230,12
32085,Triakidae,5,2012.0,44.996556,5270,51,28,5230,12
32086,Triakidae,5,2013.0,45.248556,5270,52,28,5230,12
32087,Triakidae,5,2014.0,51.68449,5270,17,28,5230,12
32088,Triakidae,5,2015.0,45.248556,5270,25,28,5230,12
32089,Triakidae,5,2016.0,44.996556,5270,11,28,5230,12
32090,Triakidae,5,2017.0,50.61789,5270,9,28,5230,12
32091,Triakidae,5,2018.0,49.40166,5270,5,28,5230,12
32092,Triakidae,5,2019.0,37.297833,5270,6,28,5230,12
32879,Uranoscopidae,5,1970.0,33.933333333,798,3,0,798,0
32880,Uranoscopidae,5,1971.0,34.1,798,3,0,798,0
32881,Uranoscopidae,5,1973.0,34.1,798,12,0,798,0
32882,Uranoscopidae,5,1980.0,39.4354,798,1,0,798,0
32883,Uranoscopidae,5,1989.0,39.0,798,2,0,798,0
32884,Uranoscopidae,5,1993.0,38.82,798,11,0,798,0
32885,Uranoscopidae,5,1995.0,38.92,798,23,0,798,0
32886,Uranoscopidae,5,1996.0,39.64,798,11,0,798,0
32887,Uranoscopidae,5,1997.0,38.68,798,13,0,798,0
32888,Uranoscopidae,5,1998.0,38.98,798,18,0,798,0
32889,Uranoscopidae,5,1999.0,39.27,798,11,0,798,0
32890,Uranoscopidae,5,2000.0,39.57,798,21,0,798,0
32891,Uranoscopidae,5,2001.0,39.453500000000005,798,66,0,798,0
32892,Uranoscopidae,5,2002.0,39.439800000000005,798,62,0,798,0
32893,Uranoscopidae,5,2003.0,39.4798,798,51,0,798,0
32894,Uranoscopidae,5,2004.0,39.2806,798,146,0,798,0
32895,Uranoscopidae,5,2005.0,39.47125,798,82,0,798,0
32896,Uranoscopidae,5,2006.0,39.4589,798,79,0,798,0
32897,Uranoscopidae,5,2007.0,39.4672,798,67,0,798,0
32898,Uranoscopidae,5,2008.0,39.4338,798,54,0,798,0
32899,Uranoscopidae,5,2009.0,39.54,798,55,0,798,0
32900,Uranoscopidae,5,2010.0,39.3408,798,7,0,798,0
